Phylum2	term	estimate	std.error	statistic	p.value	p.adj	direction	model
[Parvarchaeota]	studyboechera_wagner	-0.060744138941621596	0.0031699281504198357	-19.162623270680896	1.3291083719843234e-71	7.665555261677027e-71	rice	rice_ed
[Parvarchaeota]	studycannabis	-0.06074413894162181	0.006896206750766882	-8.808340749770423	4.370018547308771e-18	8.881411053421573e-18	rice	rice_ed
[Parvarchaeota]	studygrape_gilbert	-0.060060366890706846	0.0032153659255904497	-18.679170048018012	1.5509535309202873e-68	8.183754801451728e-68	rice	rice_ed
[Parvarchaeota]	studymaize_ley	-0.05987284870729912	0.0030878089088131624	-19.390075770690096	4.637909530143879e-73	2.7385751511325764e-72	rice	rice_ed
[Thermi]	studyboechera_wagner	-0.35818020918529986	0.025743378424746305	-13.913488869859926	6.637377420341048e-41	2.2244183787088915e-40	rice	rice_ed
[Thermi]	studycannabis	-0.36135813993285454	0.05600494763793592	-6.452253866372376	1.596059904948762e-10	2.6926724927026736e-10	rice	rice_ed
[Thermi]	studygrape_gilbert	-0.33621782295617014	0.026112384214622242	-12.875799474790858	1.2596386167870442e-35	3.718933059085559e-35	rice	rice_ed
[Thermi]	studymaize_ley	-0.3089445449546858	0.025076477910817057	-12.320093198631323	6.331794350585774e-33	1.744761109939191e-32	rice	rice_ed
Acidobacteria	studyboechera_wagner	-1.0445526625243817	0.12984629122999983	-8.044532135878573	2.0661053629915018e-15	3.852587443773627e-15	rice	rice_ed
Acidobacteria	studycannabis	-2.374494711669998	0.2824817559425665	-8.405833869684576	1.1912728901728037e-16	2.272582128945041e-16	rice	rice_ed
Acidobacteria	studygrape_gilbert	0.5102689448615235	0.1317075089950982	3.8742585654741553	1.1273918794487874e-4	1.5707482365353892e-4	other	rice_ed
Acidobacteria	studymaize_ley	-2.6237495944422684	0.12648253077384103	-20.743968185880966	6.536710584161379e-82	4.381362769924383e-81	rice	rice_ed
Actinobacteria	studyboechera_wagner	1.8202852702246772	0.08839452353861944	20.592738071939458	6.581698325012577e-81	4.2954241700082086e-80	other	rice_ed
Actinobacteria	studygrape_gilbert	-0.6451209650052632	0.08966157133789823	-7.195066463580734	1.0980296595530042e-12	1.904275213770245e-12	rice	rice_ed
Actinobacteria	studymaize_ley	0.2590373748570527	0.08610460058430476	3.0084034197851017	0.0026810776698888844	0.003463058656939809	other	rice_ed
AD3	studyboechera_wagner	0.14512684339888596	0.04829152772796525	3.0052236950632674	0.0027090524132831867	0.0034810621683638875	other	rice_ed
AD3	studygrape_gilbert	0.5993093158933922	0.04898373886822663	12.234862624627763	1.6137204245295766e-32	4.3500289704710325e-32	other	rice_ed
Armatimonadetes	studyboechera_wagner	-0.5979899083279172	0.07967544658433647	-7.505322329068402	1.1914147941351463e-13	2.125689704644002e-13	rice	rice_ed
Armatimonadetes	studycannabis	-2.1715298600983988	0.17333463931429965	-12.527962493179823	6.332976203972349e-34	1.805262182281773e-33	rice	rice_ed
Armatimonadetes	studygrape_gilbert	-0.2596655701238073	0.08081751506561666	-3.2129863175449267	0.0013486164979867308	0.001769613182543435	rice	rice_ed
Armatimonadetes	studymaize_ley	-1.6211021641143042	0.07761139751517628	-20.88742396111745	7.257376391965774e-83	4.999525958909756e-82	rice	rice_ed
Bacteroidetes	studyboechera_wagner	1.3967541301842505	0.0877040752895966	15.925760867692913	6.0772906495123764e-52	2.4309162598049506e-51	other	rice_ed
Bacteroidetes	studycannabis	1.6848420009756386	0.1908009921303036	8.83036289363218	3.6331604817825594e-18	7.446477681670039e-18	other	rice_ed
Bacteroidetes	studygrape_gilbert	1.3891760106148952	0.08896122619821499	15.615522289673308	3.550211848848946e-50	1.3757070914289666e-49	other	rice_ed
Bacteroidetes	studymaize_ley	1.427693286598343	0.08543203888787489	16.71145047201924	1.6274639929243098e-56	7.080895969214541e-56	other	rice_ed
BHI80-139	studyboechera_wagner	0.08962292050663179	0.008054171688172723	11.127515525679692	1.9340838856704154e-27	4.702478467120225e-27	other	rice_ed
BHI80-139	studygrape_gilbert	0.05631728891909948	0.008169620248829923	6.893501436271215	8.783214286628837e-12	1.5126646826971888e-11	other	rice_ed
BRC1	studyboechera_wagner	-0.5972417282682959	0.026972354497009396	-22.14273612392704	2.4178456727574211e-91	2.067674920151174e-90	rice	rice_ed
BRC1	studycannabis	-0.40164068479872755	0.058678595961778594	-6.844756221848658	1.2201340500229529e-11	2.0868499614185677e-11	rice	rice_ed
BRC1	studygrape_gilbert	-0.4903834977273285	0.02735897643962185	-17.924044008354958	7.847355606794407e-64	3.742584981701948e-63	rice	rice_ed
BRC1	studymaize_ley	-0.6591570924345637	0.026273616484494063	-25.08817515942578	5.601783596333126e-112	6.31473787223007e-111	rice	rice_ed
Chlamydiae	studyboechera_wagner	0.17205884743778263	0.015000099373022269	11.4705138385437	5.672232965476691e-29	1.4067137754382193e-28	other	rice_ed
Chlamydiae	studycannabis	0.07706824858397737	0.032632848963693326	2.3616769920922938	0.018351774462421772	0.022310000326865684	other	rice_ed
Chlamydiae	studygrape_gilbert	0.14601579118533137	0.015215110916030896	9.596761534711304	4.612011337430465e-21	9.945902710284829e-21	other	rice_ed
Chlorobi	studyboechera_wagner	-1.4419528691274768	0.07269444293937169	-19.835806023440995	6.09674177336944e-76	3.8769024610144127e-75	rice	rice_ed
Chlorobi	studycannabis	-1.2798972788883476	0.15814740409032207	-8.093065366772414	1.4172415043057616e-15	2.6626961596047645e-15	rice	rice_ed
Chlorobi	studygrape_gilbert	-0.468644649106928	0.07373644565921085	-6.35567181082842	2.94319863518807e-10	4.931846361666496e-10	rice	rice_ed
Chlorobi	studymaize_ley	-1.385460506737362	0.07081124173103825	-19.565544578355862	3.4360909569752177e-74	2.130376393324635e-73	rice	rice_ed
Chloroflexi	studyboechera_wagner	-1.6262706419285882	0.11423267945410591	-14.23647462092455	1.3164632477372384e-42	4.664041220554787e-42	rice	rice_ed
Chloroflexi	studycannabis	-3.4372391299845426	0.2485142053157449	-13.831157561465854	1.784676287819087e-40	5.823680518146494e-40	rice	rice_ed
Chloroflexi	studygrape_gilbert	-1.6841786901358093	0.11587009158456225	-14.535059626725952	3.320116725864835e-44	1.2108661000212927e-43	rice	rice_ed
Chloroflexi	studymaize_ley	-2.593075981347144	0.11127340070760594	-23.30364637781667	2.306874816920171e-99	2.1189072392451942e-98	rice	rice_ed
Crenarchaeota	studyboechera_wagner	-0.9928421670580265	0.10552970634743256	-9.408177104078348	2.4856209866945364e-20	5.314086247415905e-20	rice	rice_ed
Crenarchaeota	studygrape_gilbert	1.7792613459046813	0.10704236999256928	16.62202869787165	5.480423655347065e-56	2.3433535629759863e-55	other	rice_ed
Cyanobacteria	studyboechera_wagner	-1.7831655756274478	0.10177489850273139	-17.520681443662575	2.3022373828702386e-61	1.0380997653669439e-60	rice	rice_ed
Cyanobacteria	studycannabis	-2.029643173551655	0.22141219258240719	-9.166808520701695	2.0600590019865677e-19	4.3296155295988884e-19	rice	rice_ed
Cyanobacteria	studygrape_gilbert	-1.3684402219764595	0.10323374070253542	-13.255745773269753	1.5933703179396373e-37	4.8189736445003665e-37	rice	rice_ed
Cyanobacteria	studymaize_ley	-1.5914046106706237	0.09913834742552999	-16.05236169451022	1.1386754089029864e-52	4.62936887554001e-52	rice	rice_ed
Elusimicrobia	studyboechera_wagner	0.18600690760501992	0.04937644681399614	3.7671181222439607	1.73168459069798e-4	2.3726949088016523e-4	other	rice_ed
Elusimicrobia	studycannabis	-0.415207394352326	0.1074188971136345	-3.865310532029512	1.1690045245796309e-4	1.6196263804231758e-4	rice	rice_ed
Elusimicrobia	studygrape_gilbert	0.26841871858337973	0.05008420919301441	5.359348243853633	1.0010889235204023e-7	1.5231291597120232e-7	other	rice_ed
Elusimicrobia	studymaize_ley	-0.24882661378858473	0.048097314867405934	-5.1733992734219525	2.6926773819170365e-7	4.022795124791717e-7	rice	rice_ed
Euryarchaeota	studyboechera_wagner	-2.5518058496648357	0.04318023422027581	-59.09661899116341	0	0	rice	rice_ed
Euryarchaeota	studycannabis	-2.5532958399336585	0.09393898176844237	-27.18036529528795	4.044820867096675e-127	5.572864305777642e-126	rice	rice_ed
Euryarchaeota	studygrape_gilbert	-2.4771005772270684	0.0437991800389864	-56.55586645736653	0	0	rice	rice_ed
Euryarchaeota	studymaize_ley	-2.537657979389953	0.04206161956457835	-60.33191317071891	0	0	rice	rice_ed
FBP	studyboechera_wagner	0.45001216779786973	0.03809784202649399	11.812012015927895	1.5540028832793706e-30	4.09992250056685e-30	other	rice_ed
FBP	studygrape_gilbert	0.4507892500447439	0.03864393679531584	11.665199962219832	7.370341356473398e-30	1.8843759344385592e-29	other	rice_ed
FCPU426	studyboechera_wagner	-0.16996666069558425	0.01749534396972397	-9.714965363911382	1.5818761685960589e-21	3.4717282284232085e-21	rice	rice_ed
FCPU426	studycannabis	-0.1822186329151845	0.03806127567119136	-4.787507241989424	1.899335875655747e-6	2.7385773090850303e-6	rice	rice_ed
FCPU426	studygrape_gilbert	0.04069577731186605	0.017746122368509948	2.2932208212471075	0.02200785131328773	0.026624132320465156	other	rice_ed
FCPU426	studymaize_ley	-0.1703159819018236	0.01704211465023566	-9.993829134312767	1.213639891124394e-22	2.736206299989543e-22	rice	rice_ed
Fibrobacteres	studyboechera_wagner	-1.0278180919856965	0.055474786939008404	-18.527661820778658	1.390100597758369e-67	7.182186421751573e-67	rice	rice_ed
Fibrobacteres	studycannabis	-1.4145676895396575	0.12068589003680603	-11.72106937362977	4.0831850993591294e-30	1.0548228173344418e-29	rice	rice_ed
Fibrobacteres	studygrape_gilbert	-0.788610394855484	0.05626996297359409	-14.014766550060761	1.9547685925314533e-41	6.640857684216444e-41	rice	rice_ed
Fibrobacteres	studymaize_ley	-1.3587681282932809	0.05403767315738537	-25.144830428502214	2.2022405735518497e-112	2.600741248765994e-111	rice	rice_ed
Firmicutes	studyboechera_wagner	-1.8933010098317362	0.12377468328845725	-15.29635107544079	2.207322864605715e-48	8.421785698803344e-48	rice	rice_ed
Firmicutes	studycannabis	0.8222892580697144	0.2692729191211609	3.053739160824118	0.0023099479653494875	0.0029993041644328427	other	rice_ed
Firmicutes	studygrape_gilbert	-2.21722585967708	0.1255488705773174	-17.660261294916506	3.250884563435384e-62	1.4929988365406949e-61	rice	rice_ed
Firmicutes	studymaize_ley	-1.311253466930052	0.12056821215111992	-10.875615085728649	2.4460166308849552e-26	5.722755891127065e-26	rice	rice_ed
Fusobacteria	studyboechera_wagner	-0.2005103046192357	0.009389534747934943	-21.354658138235685	5.382079786062674e-86	4.171111834198572e-85	rice	rice_ed
Fusobacteria	studycannabis	-0.20051030461923494	0.020427015958293306	-9.815937140727026	6.287072614832606e-22	1.404679286917555e-21	rice	rice_ed
Fusobacteria	studygrape_gilbert	-0.20051030461923505	0.009524124413248597	-21.052885905219156	5.701723414050411e-84	4.158904137307358e-83	rice	rice_ed
Fusobacteria	studymaize_ley	-0.20051030461923403	0.00914629217714109	-21.9225781044214	7.6849952503460645e-90	6.352929406952747e-89	rice	rice_ed
GAL15	studygrape_gilbert	0.037985362897757204	0.004353453238217749	8.725340739690122	8.733898964962462e-18	1.7328055546485526e-17	other	rice_ed
Gemmatimonadetes	studyboechera_wagner	-0.36835885343001973	0.12538797730686035	-2.9377525767764796	0.0033692698317515962	0.004285020093714851	rice	rice_ed
Gemmatimonadetes	studycannabis	-0.760791806527193	0.2727826545387318	-2.789003603670005	0.005370767775322314	0.00676116958517733	rice	rice_ed
Gemmatimonadetes	studygrape_gilbert	0.3377563343942522	0.12718528956493555	2.6556242121209133	0.00802121898409782	0.009946311540281298	other	rice_ed
Gemmatimonadetes	studymaize_ley	-1.1880184511348861	0.12213971264140717	-9.726717260444333	1.4213811192652045e-21	3.1473439069443815e-21	rice	rice_ed
GN02	studyboechera_wagner	-0.042930834716131655	0.0039968150592630805	-10.741261249162502	9.287875201498805e-26	2.1327713425663924e-25	rice	rice_ed
GN02	studycannabis	-0.044025403489364595	0.008695106540382082	-5.063239108675719	4.768218645690849e-7	7.038798953162682e-7	rice	rice_ed
GN02	studygrape_gilbert	-0.025212046758532346	0.0040541054379226935	-6.218892711248993	6.903803127681081e-10	1.111781282899291e-9	rice	rice_ed
GN02	studymaize_ley	-0.043116980220714474	0.003893274724613746	-11.074733552226302	3.304079173821782e-27	7.955452768036912e-27	rice	rice_ed
GN04	studygrape_gilbert	0.47468873810404605	0.05502758101342595	8.62637843353915	1.979611567822073e-17	3.8656981796840485e-17	other	rice_ed
GOUTA4	studyboechera_wagner	-0.23544063035030252	0.00752961521567163	-31.268613814457925	2.0256497324957435e-157	3.8643164127611107e-156	rice	rice_ed
GOUTA4	studycannabis	-0.2354406303503025	0.016380744552243087	-14.373011531888066	2.462773481706219e-43	8.851707586422351e-43	rice	rice_ed
GOUTA4	studygrape_gilbert	-0.235440630350303	0.007637544779704685	-30.826743036052825	4.087889283785375e-154	7.241403874134093e-153	rice	rice_ed
GOUTA4	studymaize_ley	-0.2354406303503015	0.0073345551822071075	-32.100192104554175	1.1880166526388015e-163	3.273645887271364e-162	rice	rice_ed
Lentisphaerae	studyboechera_wagner	-0.09451857543091652	0.006983020065630483	-13.535486729606387	6.01339692717567e-39	1.8641530474244577e-38	rice	rice_ed
Lentisphaerae	studycannabis	-0.094518575430916	0.015191621964984775	-6.22175667935736	6.782801073886806e-10	1.0994344224339397e-9	rice	rice_ed
Lentisphaerae	studygrape_gilbert	-0.09447849914841716	0.0070831147304612875	-13.338552705084343	6.071433527142734e-38	1.8589080428782693e-37	rice	rice_ed
Lentisphaerae	studymaize_ley	-0.09451857543091566	0.0068021199679933145	-13.895458456431705	8.245660298526452e-41	2.7265650053794134e-40	rice	rice_ed
MVS-104	studyboechera_wagner	-0.015789758114857434	0.001270398529596911	-12.428980156225006	1.902518932429439e-33	5.361644264119328e-33	rice	rice_ed
MVS-104	studycannabis	-0.01578975811485746	0.0027637632464351638	-5.713137018962771	1.3982297773305265e-8	2.2086686928533157e-8	rice	rice_ed
MVS-104	studygrape_gilbert	-0.015789758114857444	0.0012886084321643424	-12.253340674123185	1.3180284750402062e-32	3.591989690219463e-32	rice	rice_ed
MVS-104	studymaize_ley	-0.015789758114857333	0.0012374879528146221	-12.759524712094443	4.7082887426588097e-35	1.3577390792783544e-34	rice	rice_ed
NC10	studyboechera_wagner	-0.36144351421718945	0.012985436736009019	-27.83452890844213	6.472035688772099e-132	1.0031655317596754e-130	rice	rice_ed
NC10	studycannabis	-0.3614435142171882	0.02824993256350663	-12.794491222400378	3.1700934128807166e-35	9.249213722287267e-35	rice	rice_ed
NC10	studygrape_gilbert	-0.35925823568804166	0.013171570088850112	-27.27527798619528	8.178405066718767e-128	1.193084974438973e-126	rice	rice_ed
NC10	studymaize_ley	-0.36144351421718585	0.012649039768604169	-28.574778863002294	2.266260516331638e-137	3.7468840536683086e-136	rice	rice_ed
Nitrospirae	studyboechera_wagner	-1.0372488074616528	0.10729420939505326	-9.667332592409918	2.4378782685705206e-21	5.303454478995519e-21	rice	rice_ed
Nitrospirae	studycannabis	-0.7202489981819878	0.23341950228441732	-3.0856419070947116	0.0020776977499658953	0.002711942326271274	rice	rice_ed
Nitrospirae	studygrape_gilbert	2.3247055771008798	0.1088321654408253	21.36046423118245	4.918828501031557e-86	3.9350628008252457e-85	other	rice_ed
Nitrospirae	studymaize_ley	0.4783743447747143	0.10451467664660832	4.577102088659032	5.205525074869923e-6	7.462255598657462e-6	other	rice_ed
NKB19	studyboechera_wagner	-0.7879660465066248	0.02461699760692551	-32.009023159060874	5.737071994750546e-163	1.4227938546981355e-161	rice	rice_ed
NKB19	studycannabis	-0.7312281892678291	0.053554496198283806	-13.653908470364097	1.47963725733935e-39	4.765584932729335e-39	rice	rice_ed
NKB19	studygrape_gilbert	-0.6621458094676148	0.024969857845253275	-26.51780452941135	2.7339311488636347e-122	3.5684996048325335e-121	rice	rice_ed
NKB19	studymaize_ley	-0.776303850977422	0.023979276788601515	-32.373947630749065	1.0483871954127726e-165	3.250000305779595e-164	rice	rice_ed
OC31	studyboechera_wagner	-4.962485236583767e-4	1.9049147638981024e-4	-2.605095687551309	0.009298632228800093	0.011472939267375238	rice	rice_ed
OC31	studygrape_gilbert	-4.69511094261719e-4	1.9322198271847014e-4	-2.4299051673939704	0.015248908214209572	0.018721431866950366	rice	rice_ed
OC31	studymaize_ley	-4.962485236583719e-4	1.8555665931151307e-4	-2.6743773330455816	0.007588703192877211	0.009457278350922355	rice	rice_ed
OD1	studyboechera_wagner	0.09990947265797126	0.025183823492995857	3.9672082631042165	7.703360300060262e-5	1.079340878200534e-4	other	rice_ed
OD1	studygrape_gilbert	0.6366632864695406	0.025544808618056063	24.923392302086864	8.4334991576785e-111	9.093512135235947e-110	other	rice_ed
OP11	studyboechera_wagner	0.020091416298231003	0.0052017349992394095	3.8624451843795855	1.1826334786741878e-4	1.6294061261733255e-4	other	rice_ed
OP11	studygrape_gilbert	0.021255079385891676	0.005276296709845137	4.028408665159303	5.9691038052870054e-5	8.411009907449872e-5	other	rice_ed
OP3	studyboechera_wagner	-0.505332768375572	0.030608979542760362	-16.509298118535064	2.51807378187498e-55	1.0584445727203308e-54	rice	rice_ed
OP3	studycannabis	-0.5303622912367779	0.06659010593943983	-7.964580980230221	3.8279894815218265e-15	7.084637249383679e-15	rice	rice_ed
OP3	studygrape_gilbert	-0.08479550973007752	0.031047728897530963	-2.7311340552455285	0.0064043238390522495	0.008021577333762414	rice	rice_ed
OP3	studymaize_ley	-0.508117477296911	0.029816032173883008	-17.04175372275022	1.773418493890331e-58	7.853710472942895e-58	rice	rice_ed
OP8	studyboechera_wagner	-0.01038936100580505	0.001392917550645039	-7.458704932674512	1.6721500913079433e-13	2.962094447459785e-13	rice	rice_ed
OP8	studycannabis	-0.010389361005805052	0.0030303044612376333	-3.4284875129549994	6.275732986904907e-4	8.458596634524006e-4	rice	rice_ed
OP8	studygrape_gilbert	-0.010389361005805052	0.0014128836418288498	-7.353302634572913	3.573968691148543e-13	6.286129329112331e-13	rice	rice_ed
OP8	studymaize_ley	-0.01038936100580499	0.0013568330315481482	-7.657066687085821	3.9021741735714484e-14	7.012602862650139e-14	rice	rice_ed
PAUC34f	studygrape_gilbert	0.02300682192870742	0.004277893689907507	5.378072387115552	9.04591177267634e-8	1.3848062466813162e-7	other	rice_ed
Planctomycetes	studyboechera_wagner	-0.5439298642035222	0.09977888519697746	-5.451352389132516	6.065316804685603e-8	9.401241047262685e-8	rice	rice_ed
Planctomycetes	studycannabis	-1.184725167167181	0.21706984796745504	-5.457806223482522	5.854151196731007e-8	9.131003124460943e-8	rice	rice_ed
Planctomycetes	studygrape_gilbert	0.5001607517858155	0.10120911652627566	4.941854735546131	8.836684401865731e-7	1.296744219918758e-6	other	rice_ed
Planctomycetes	studymaize_ley	-2.07085970060439	0.0971940422630296	-21.306446901345698	1.1359017174232339e-85	8.536473512756424e-85	rice	rice_ed
SBR1093	studygrape_gilbert	0.021505010334522248	0.003411255684355832	6.304133235495998	4.066118217837597e-10	6.722648786824828e-10	other	rice_ed
Spirochaetes	studyboechera_wagner	-2.2262278333384127	0.07004439174743389	-31.78309894339216	2.8360914408038455e-161	6.394097066539579e-160	rice	rice_ed
Spirochaetes	studycannabis	-2.1563804659279504	0.1523821942645729	-14.151131477893964	3.7321997605523655e-42	1.2855354730791483e-41	rice	rice_ed
Spirochaetes	studygrape_gilbert	-1.8545129526865782	0.07104840861253564	-26.102104028820875	2.8283168305997803e-119	3.507112869943728e-118	rice	rice_ed
Spirochaetes	studymaize_ley	-2.1365117028499365	0.06822984199862075	-31.313449368578713	9.352970122163688e-158	1.9329471585804956e-156	rice	rice_ed
SR1	studyboechera_wagner	-0.06446002279881147	0.008374715884933973	-7.696980253953973	2.899944962403745e-14	5.2881349314421233e-14	rice	rice_ed
SR1	studycannabis	-0.06709039552894464	0.018219268538874362	-3.682386885389729	2.4135320256440547e-4	3.270797499233473e-4	rice	rice_ed
SR1	studygrape_gilbert	-0.028318560428958438	0.00849475912864188	-3.333650783984729	8.8334597416082e-4	0.001165264902084486	rice	rice_ed
SR1	studymaize_ley	-0.06709039552894393	0.008157762918018603	-8.224116856933515	5.07139400067503e-16	9.600806963109982e-16	rice	rice_ed
Tenericutes	studyboechera_wagner	0.4887583419491385	0.03590425531370269	13.612824933389055	2.4090981473191385e-39	7.562738487786663e-39	other	rice_ed
TM6	studyboechera_wagner	0.28554012749932733	0.030976874223963717	9.217848303055492	1.3223493098791757e-19	2.8029284517097056e-19	other	rice_ed
TM6	studycannabis	0.22576848821338782	0.06739046407492305	3.3501548225337046	8.328170699250989e-4	0.0011104227599001318	other	rice_ed
TM6	studygrape_gilbert	0.4467039016674828	0.03142089698400338	14.216777512586708	1.6750500738619044e-42	5.850879131235947e-42	other	rice_ed
TM7	studyboechera_wagner	0.41071305491198307	0.027360677958044206	15.01107010366426	8.435874171020309e-47	3.1225325289746816e-46	other	rice_ed
TM7	studygrape_gilbert	0.2133703722005374	0.027752866132217346	7.688228350326782	3.0953355125733225e-14	5.6032350884538975e-14	other	rice_ed
TM7	studymaize_ley	-0.05614915112605786	0.026651880150289024	-2.1067613545248873	0.03534575854371116	0.04255217533417654	rice	rice_ed
TPD-58	studyboechera_wagner	-0.0039991527861805605	6.295651188635591e-4	-6.352246441797019	3.0073211885026283e-10	5.005474192943972e-10	rice	rice_ed
TPD-58	studycannabis	-0.003999152786180523	0.0013696244888639555	-2.919889954287871	0.0035670751132798983	0.004513441980068443	rice	rice_ed
TPD-58	studygrape_gilbert	-0.003999152786180553	6.385893102548985e-4	-6.262480003907763	5.270774363548449e-10	8.656636040794802e-10	rice	rice_ed
TPD-58	studymaize_ley	-0.003999152786180525	6.132557870270494e-4	-6.52118230399044	1.0261130806351916e-10	1.7429866027227912e-10	rice	rice_ed
unclassified	studygrape_gilbert	0.35451279900793103	0.019896532323953105	17.817818363310423	3.5290881056744957e-63	1.6513468871835376e-62	other	rice_ed
Verrucomicrobia	studycannabis	-1.1885064577113784	0.22007716986589373	-5.400407768037034	8.012401301178301e-8	1.2342083991877135e-7	rice	rice_ed
Verrucomicrobia	studygrape_gilbert	1.1203104213134598	0.10261128451644598	10.918004063518984	1.6011679963546415e-26	3.7818063151995343e-26	other	rice_ed
Verrucomicrobia	studymaize_ley	-0.5715779462719248	0.09854058474431981	-5.800431850033976	8.455585804534035e-9	1.3442213330284876e-8	rice	rice_ed
WPS-2	studycannabis	-0.133672244475335	0.05558238934165248	-2.4049387955181576	0.016326103551872778	0.019945190546130292	rice	rice_ed
WPS-2	studygrape_gilbert	-0.1445737549240343	0.025915365825158465	-5.57868856258564	2.993702847211291e-8	4.698976620939242e-8	rice	rice_ed
WPS-2	studymaize_ley	-0.10969933575509506	0.024887275452289866	-4.407848338617624	1.1375938533666987e-5	1.621398135832996e-5	rice	rice_ed
WS1	studyboechera_wagner	-0.15027776721371489	0.007906723677246444	-19.006325925639263	1.3172946050638453e-70	7.424751410359855e-70	rice	rice_ed
WS1	studycannabis	-0.15027776721371458	0.01720114734848284	-8.736496709736588	7.960303320232796e-18	1.5920606640465592e-17	rice	rice_ed
WS1	studygrape_gilbert	-0.15027776721371489	0.008020058716949257	-18.737739026289688	6.626403888566828e-69	3.5724960094882033e-68	rice	rice_ed
WS1	studymaize_ley	-0.15027776721371397	0.007701894381073592	-19.511792784772812	7.635798555068775e-74	4.618726930870869e-73	rice	rice_ed
WS2	studyboechera_wagner	0.028424553311732922	0.0075928359128137266	3.7436016842881372	1.9000777024727377e-4	2.589116869303511e-4	other	rice_ed
WS2	studygrape_gilbert	0.09499382574882667	0.00770167168281946	12.334182715258375	5.421926531105005e-33	1.510828965970833e-32	other	rice_ed
WS3	studyboechera_wagner	-1.1660534664377609	0.06490541013556975	-17.965427905042006	4.3626258998732514e-64	2.1214337709187575e-63	rice	rice_ed
WS3	studycannabis	-1.2687518742753514	0.14120229427879227	-8.985348862464695	9.7958476178269e-19	2.0244751743508928e-18	rice	rice_ed
WS3	studygrape_gilbert	0.21979496561624404	0.06583576479761656	3.338534401353248	8.681054124900212e-4	0.001151284183409226	other	rice_ed
WS3	studymaize_ley	-0.9609123672216552	0.06322398935768961	-15.198540569550193	7.737505312539933e-48	2.907426238651369e-47	rice	rice_ed
WS4	studyboechera_wagner	-0.20094123478204337	0.008586267580424578	-23.40262901195389	4.698012319071625e-100	4.481180981268319e-99	rice	rice_ed
WS4	studycannabis	-0.20094123478204348	0.018679501125024704	-10.757312705361542	7.924892236187255e-26	1.8367974528733075e-25	rice	rice_ed
WS4	studygrape_gilbert	-0.20039851078356227	0.008709343207808242	-23.009600839234093	2.5679811370418547e-97	2.2744975785227856e-96	rice	rice_ed
WS4	studymaize_ley	-0.19990010199573552	0.00836383421648759	-23.900533753009274	1.5114061563315068e-103	1.5617863615425572e-102	rice	rice_ed
WS5	studyboechera_wagner	-0.005972376398336606	6.781095426650822e-4	-8.807391759838952	4.404893385366345e-18	8.881411053421573e-18	rice	rice_ed
WS5	studycannabis	-0.0059723763983366256	0.0014752333125490644	-4.048428372334489	5.487209362944643e-5	7.776159554344408e-5	rice	rice_ed
WS5	studygrape_gilbert	-0.005972376398336613	6.87829570211001e-4	-8.682930564477632	1.2414452709317415e-17	2.4434795808815228e-17	rice	rice_ed
WS5	studymaize_ley	-0.005972376398336574	6.605426330294397e-4	-9.041621387775574	6.057260850726969e-19	1.2623535218321752e-18	rice	rice_ed
WWE1	studyboechera_wagner	-0.09953616559654584	0.005420859308914549	-18.36169506057086	1.5187603173780532e-66	7.686786912444025e-66	rice	rice_ed
WWE1	studycannabis	-0.09953616559654531	0.011793127410835111	-8.440184026596285	9.03142152130841e-17	1.7362732847166558e-16	rice	rice_ed
WWE1	studygrape_gilbert	-0.09953616559654574	0.00549856194910763	-18.10221772852802	6.231331293420873e-65	3.090740321536753e-64	rice	rice_ed
WWE1	studymaize_ley	-0.09953616559654507	0.005280428095908797	-18.850018178197395	1.2927942438560502e-69	7.124732721695566e-69	rice	rice_ed
ZB3	studyboechera_wagner	-0.040193858134693485	0.0034527532341761093	-11.64110360880872	9.501995588393749e-30	2.404586638695561e-29	rice	rice_ed
ZB3	studycannabis	-0.04019385813469308	0.007511495223986031	-5.350979656666001	1.0473763954831268e-7	1.5838374760964355e-7	rice	rice_ed
ZB3	studygrape_gilbert	-0.040193858134693505	0.003502245026333394	-11.476597962871168	5.323960936166171e-29	1.3336791032012227e-28	rice	rice_ed
ZB3	studymaize_ley	-0.040193858134693214	0.0033633072077707544	-11.950694852324908	3.5222356376343613e-31	9.392628367024962e-31	rice	rice_ed
Alphaproteobacteria	studyboechera_wagner	1.3707986057272015	0.08667890698333387	15.8146734128843	2.6232805183932664e-51	1.0326564580341747e-50	other	rice_ed
Alphaproteobacteria	studycannabis	1.1791059093817762	0.18857072940545763	6.252857551643168	5.595174880471513e-10	9.128969541821942e-10	other	rice_ed
Alphaproteobacteria	studygrape_gilbert	1.1415369766065875	0.08792136312134496	12.983613266221674	3.6799449617666644e-36	1.0995498199013647e-35	other	rice_ed
Alphaproteobacteria	studymaize_ley	-0.44166519322438913	0.08443342829517368	-5.230928106819929	1.9892445209127583e-7	2.989894795068873e-7	rice	rice_ed
Betaproteobacteria	studyboechera_wagner	-0.7121025482630091	0.09804086795306827	-7.263323582609341	6.78400844265003e-13	1.184812742096625e-12	rice	rice_ed
Betaproteobacteria	studycannabis	-1.046870565414362	0.21328877606877228	-4.908230919177912	1.0458798436422346e-6	1.5257541248427892e-6	rice	rice_ed
Betaproteobacteria	studygrape_gilbert	-1.0968113748492647	0.09944618652945095	-11.029194915628509	5.2359937207924205e-27	1.2485831180351157e-26	rice	rice_ed
Betaproteobacteria	studymaize_ley	-2.009740943473057	0.09550104959103389	-21.04417649941453	6.52014721274975e-84	4.6199900250341085e-83	rice	rice_ed
Deltaproteobacteria	studyboechera_wagner	-1.0484168222758823	0.097901598654366	-10.708883579901862	1.2784657355740354e-25	2.9088027745170717e-25	rice	rice_ed
Deltaproteobacteria	studycannabis	-2.51442301656108	0.21298579447666335	-11.805590240134926	1.6640268232845714e-30	4.3439858123639336e-30	rice	rice_ed
Deltaproteobacteria	studygrape_gilbert	-1.3536486290734813	0.09930492094351996	-13.63123414441238	1.9366475734148528e-39	6.15754613085748e-39	rice	rice_ed
Deltaproteobacteria	studymaize_ley	-3.1712926491355846	0.09536538816249328	-33.2541261587696	2.562460396571137e-172	9.078431119280599e-171	rice	rice_ed
Epsilonproteobacteria	studyboechera_wagner	-1.3417875406116526	0.03765796529485221	-35.63090916107125	3.4172610817435636e-190	1.6949614965448074e-188	rice	rice_ed
Epsilonproteobacteria	studycannabis	-1.341787540611646	0.08192523683923549	-16.378195442323573	1.47136371794337e-54	6.081636700832597e-54	rice	rice_ed
Epsilonproteobacteria	studygrape_gilbert	-1.3417875406116537	0.03819775486712489	-35.12739283445349	2.0899917820256584e-186	8.638632699039389e-185	rice	rice_ed
Epsilonproteobacteria	studymaize_ley	-1.3417875406116428	0.03668240894034804	-36.57850123184718	2.5866510310629304e-197	1.6037236392590168e-195	rice	rice_ed
Gammaproteobacteria	studyboechera_wagner	0.5991160794238102	0.12293685004724968	4.873364489114088	1.2442532154131298e-6	1.8045309790786911e-6	other	rice_ed
Gammaproteobacteria	studycannabis	2.2644769149644257	0.26745020548859255	8.46691035749087	7.276101269586989e-17	1.409744620982479e-16	other	rice_ed
Gammaproteobacteria	studygrape_gilbert	1.3883065724157628	0.12469902782780617	11.133258988456921	1.8243765433897436e-27	4.479657255056004e-27	other	rice_ed
Gammaproteobacteria	studymaize_ley	2.860650013908528	0.11975208357547447	23.888102223336983	1.848844841664594e-103	1.8340540829312773e-102	other	rice_ed
TA18	studyboechera_wagner	0.06379831652268113	0.012460997279351807	5.119840338011836	3.55990785440784e-7	5.286569747863139e-7	other	rice_ed
TA18	studygrape_gilbert	0.09796957974462867	0.012639613312874784	7.7509950122316065	1.9363971555541614e-14	3.557233293166163e-14	other	rice_ed
TA18	studymaize_ley	-0.035919345054883194	0.012138186288791134	-2.9592019928094606	0.0031449843555878486	0.004020392372091682	rice	rice_ed
Zetaproteobacteria	studygrape_gilbert	0.06091521792237247	0.018142082149745296	3.357675123482322	8.106948920367802e-4	0.0010867693687844405	other	rice_ed
Zetaproteobacteria	studymaize_ley	0.10761534404326001	0.017422366282032656	6.176850050170372	8.942457051734219e-10	1.4307931282774752e-9	other	rice_ed
[Parvarchaeota]	studyboechera_wagner	-0.35751791078318107	0.009160906449099422	-39.026477649308106	7.714489986427721e-238	3.63683099360164e-237	rice	rice_kn
[Parvarchaeota]	studycannabis	-0.3575179107831707	0.02866418647410962	-12.472634138983569	3.2503621913525986e-34	5.363097615731787e-34	rice	rice_kn
[Parvarchaeota]	studygrape_gilbert	-0.35683413873227293	0.009467228442132231	-37.691510341532	5.801715400132768e-226	2.6871102905878085e-225	rice	rice_kn
[Parvarchaeota]	studymaize_ley	-0.35664662054885876	0.008591591807302094	-41.51112256587198	5.502843250186322e-260	2.905501236098378e-259	rice	rice_kn
[Thermi]	studyboechera_wagner	-0.02428689954494563	0.008773902170099688	-2.768084151623232	0.005700436379901399	0.006486703466784351	rice	rice_kn
[Thermi]	studymaize_ley	0.02494876468566639	0.008228638336341604	3.031943277356195	0.002466930335884517	0.002843972090277347	other	rice_kn
AC1	studyboechera_wagner	-0.092234799269946	0.003771211373498571	-24.45760529842148	2.68569541911594e-113	7.791468029083606e-113	rice	rice_kn
AC1	studycannabis	-0.09223479926994235	0.011800001085468232	-7.816507693675556	9.496476366589526e-15	1.408466157741368e-14	rice	rice_kn
AC1	studygrape_gilbert	-0.09223479926994717	0.0038973129760525023	-23.666254118336077	3.9191853002202587e-107	1.0777759575605711e-106	rice	rice_kn
AC1	studymaize_ley	-0.0922347992699459	0.003536845280560638	-26.07826804776867	3.2788454665047795e-126	1.006529305996816e-125	rice	rice_kn
Acidobacteria	studyboechera_wagner	-1.702171670408672	0.06961504133596161	-24.45120533928876	3.01507709919185e-113	8.651960371594004e-113	rice	rice_kn
Acidobacteria	studycannabis	-3.0321137195542676	0.21782326206955419	-13.920063866209427	8.977765468326561e-42	1.6014392457014946e-41	rice	rice_kn
Acidobacteria	studygrape_gilbert	-0.14735006302277837	0.07194282607272087	-2.048155056820186	0.040699588725939234	0.04514576228423512	rice	rice_kn
Acidobacteria	studymaize_ley	-3.2813686023265687	0.06528873776086229	-50.259335910972446	0	0	rice	rice_kn
Actinobacteria	studyboechera_wagner	2.789844937262186	0.04900819771360448	56.92608721433835	0	0	other	rice_kn
Actinobacteria	studycannabis	1.017253101681867	0.15334510027235249	6.633750278783923	4.397133912838679e-11	6.109701857839007e-11	other	rice_kn
Actinobacteria	studygrape_gilbert	0.32443870203225017	0.0506469317059217	6.4058905664035795	1.9347900078599876e-10	2.646552135103817e-10	other	rice_kn
Actinobacteria	studymaize_ley	1.2285970418945609	0.04596252917834766	26.730405481544665	1.6581871322432688e-131	5.274233770026783e-131	other	rice_kn
AD3	studyboechera_wagner	0.08355370737232715	0.026647949234664063	3.1354648208215288	0.0017454553835951473	0.0020299569218903916	other	rice_kn
AD3	studygrape_gilbert	0.5377361798668339	0.027539002206894984	19.526349423516876	1.0531979265710178e-76	2.3365063244936867e-76	other	rice_kn
AD3	studymaize_ley	-0.050679323980930946	0.02499188301922339	-2.0278313539619703	0.04273463611014836	0.04720478633087518	rice	rice_kn
Armatimonadetes	studyboechera_wagner	-0.4955196345966775	0.03994630866974744	-12.404641407378643	7.0870985973692795e-34	1.1621080929847763e-33	rice	rice_kn
Armatimonadetes	studycannabis	-2.06905958636711	0.12499073612683233	-16.55370350221448	3.830157459060374e-57	7.545981859641335e-57	rice	rice_kn
Armatimonadetes	studygrape_gilbert	-0.15719529639257065	0.04128203160873933	-3.807838186900005	1.4521314066464312e-4	1.7830822853705017e-4	rice	rice_kn
Armatimonadetes	studymaize_ley	-1.5186318903830687	0.037463801230357696	-40.53597981276096	2.7227584469592283e-251	1.3562419433910117e-250	rice	rice_kn
Bacteroidetes	studyboechera_wagner	0.18488484015850637	0.04672527922354252	3.956848267807722	7.909964777237648e-5	9.758087388741771e-5	other	rice_kn
Bacteroidetes	studycannabis	0.4729727109498524	0.1462019205370369	3.2350649650326284	0.0012397379871271078	0.0014546259048958065	other	rice_kn
Bacteroidetes	studygrape_gilbert	0.17730672058915126	0.048287677086275536	3.6718834139061514	2.4828556436450787e-4	2.979426772374094e-4	other	rice_kn
Bacteroidetes	studymaize_ley	0.21582399657260729	0.04382148517741443	4.925072614468185	9.25994257625549e-7	1.1983455098683577e-6	other	rice_kn
BHI80-139	studyboechera_wagner	0.09679344833261154	0.004388049071872523	22.05842431276791	6.262438507257393e-95	1.6051298698213127e-94	other	rice_kn
BHI80-139	studygrape_gilbert	0.06348781674507892	0.004534776466665853	14.000208656758263	3.276845194055242e-42	5.92525432349715e-42	other	rice_kn
BRC1	studyboechera_wagner	-0.15596782281435	0.010689079651955166	-14.59132384571777	1.686331301325216e-45	3.1573862663110425e-45	rice	rice_kn
BRC1	studygrape_gilbert	-0.04910959227338317	0.011046500634350991	-4.445714882835245	9.332169866049423e-6	1.1788004041325586e-5	rice	rice_kn
BRC1	studymaize_ley	-0.21788318698062328	0.010024794999884061	-21.734428183632996	1.5846542183997672e-92	3.9466859779013066e-92	rice	rice_kn
Caldiserica	studyboechera_wagner	-0.07684918804725183	0.004436161790509454	-17.32335105803848	5.360692178938778e-62	1.0886328732614133e-61	rice	rice_kn
Caldiserica	studycannabis	-0.07684918804725141	0.01388060990459995	-5.536441739622987	3.574569340284663e-8	4.648701013966261e-8	rice	rice_kn
Caldiserica	studygrape_gilbert	-0.07684918804725273	0.004584497976304522	-16.762836071573407	1.9038689574342363e-58	3.8368046165086895e-58	rice	rice_kn
Caldiserica	studymaize_ley	-0.07684918804725219	0.00416047162002778	-18.47126841998241	1.623449247091935e-69	3.4563758163892813e-69	rice	rice_kn
Chlamydiae	studycannabis	-0.09831368009701084	0.02952133119971227	-3.330259039875853	8.864013146510384e-4	0.001049371959945624	rice	rice_kn
Chlamydiae	studygrape_gilbert	-0.029366137495658064	0.009750326828077305	-3.0118105796304735	0.0026356194947891385	0.003025232811410142	rice	rice_kn
Chlamydiae	studymaize_ley	-0.17243054901593968	0.008848506044474376	-19.48696742131033	1.9740547908400968e-76	4.3429205398482134e-76	rice	rice_kn
Chlorobi	studyboechera_wagner	-4.206443167429398	0.04054561883139025	-103.74593577969482	0	0	rice	rice_kn
Chlorobi	studycannabis	-4.044387577190188	0.12686595866344572	-31.87921819058866	6.818476513291638e-175	2.727390605316655e-174	rice	rice_kn
Chlorobi	studygrape_gilbert	-3.233134947408871	0.04190138147760753	-77.1605811883956	0	0	rice	rice_kn
Chlorobi	studymaize_ley	-4.149950805039286	0.03802586660057108	-109.13494355384294	0	0	rice	rice_kn
Chloroflexi	studyboechera_wagner	-1.6587922350218207	0.0639411577572855	-25.942480449266135	4.0887796019444676e-125	1.2266338805833402e-124	rice	rice_kn
Chloroflexi	studycannabis	-3.4697607230776897	0.2000698598450889	-17.342745807710735	4.02641104637014e-62	8.240097025129588e-62	rice	rice_kn
Chloroflexi	studygrape_gilbert	-1.7167002832290568	0.06607921942070992	-25.9794273945528	2.0589890849854028e-125	6.247966878576394e-125	rice	rice_kn
Chloroflexi	studymaize_ley	-2.625597574440395	0.05996746393921643	-43.783702060532775	3.132358969069489e-280	1.8376505951874334e-279	rice	rice_kn
Crenarchaeota	studyboechera_wagner	-2.84330339564041	0.05992008161147501	-47.45159417633207	9.67359252284e-313	6.54827801546e-312	rice	rice_kn
Crenarchaeota	studycannabis	-1.4579277111757956	0.18748803979152456	-7.776110480417437	1.2932472791406362e-14	1.9073591156040667e-14	rice	rice_kn
Crenarchaeota	studymaize_ley	-1.8265161779725327	0.05619628200838474	-32.50243810969573	2.7216901122093007e-180	1.1405177613067547e-179	rice	rice_kn
Cyanobacteria	studyboechera_wagner	-1.1891845317742336	0.05908207889528775	-20.12766906665297	6.518664138381265e-81	1.4964585500283948e-80	rice	rice_kn
Cyanobacteria	studycannabis	-1.4356621296984104	0.18486595580277657	-7.765962767260621	1.397248863514181e-14	2.049298333154132e-14	rice	rice_kn
Cyanobacteria	studygrape_gilbert	-0.7744591781232522	0.061057662890199677	-12.684061941839573	2.815642457783602e-35	4.6750289865086226e-35	rice	rice_kn
Cyanobacteria	studymaize_ley	-0.9974235668174191	0.05541035789586428	-18.000669995525598	2.1481970205812981e-66	4.5009842335989106e-66	rice	rice_kn
Elusimicrobia	studyboechera_wagner	-1.3264151113424085	0.029290674329520955	-45.28455358931649	1.4464108524736997e-293	9.091725358406112e-293	rice	rice_kn
Elusimicrobia	studycannabis	-1.927629413299738	0.091649593367078	-21.03260191869191	2.171370727031287e-87	5.164341188614953e-87	rice	rice_kn
Elusimicrobia	studygrape_gilbert	-1.244003300364057	0.030270094629001893	-41.0967760626745	2.721983714154705e-256	1.4090268637977298e-255	rice	rice_kn
Elusimicrobia	studymaize_ley	-1.7612486327360253	0.02747037304639272	-64.11447816021939	0	0	rice	rice_kn
Euryarchaeota	studyboechera_wagner	-4.318884997104637	0.02775936015030416	-155.58301681738564	0	0	rice	rice_kn
Euryarchaeota	studycannabis	-4.32037498737343	0.0868581597434071	-49.740577052708794	0	0	rice	rice_kn
Euryarchaeota	studygrape_gilbert	-4.244179724666922	0.028687576432590574	-147.94486856147645	0	0	rice	rice_kn
Euryarchaeota	studymaize_ley	-4.304737126829781	0.026034224076892223	-165.34916170790095	0	0	rice	rice_kn
FBP	studyboechera_wagner	0.5207899951515359	0.020770858014557046	25.073109391366764	3.703798998991594e-118	1.0864477063708674e-117	other	rice_kn
FBP	studygrape_gilbert	0.5215670773984128	0.021465393065141055	24.298044569489715	4.784050265389958e-112	1.3436056064499457e-111	other	rice_kn
FCPU426	studyboechera_wagner	-0.8350478619214938	0.015142033735392902	-55.14766883458051	0	0	rice	rice_kn
FCPU426	studycannabis	-0.8472998341410916	0.04737894454006014	-17.88346790681834	1.2622045529215062e-65	2.6032968904006064e-65	rice	rice_kn
FCPU426	studygrape_gilbert	-0.6243854239140543	0.01564835240354736	-39.90103288909259	1.2453436370759026e-245	6.088346670148858e-245	rice	rice_kn
FCPU426	studymaize_ley	-0.8353971831277418	0.014201015337263128	-58.826581289274394	0	0	rice	rice_kn
Fibrobacteres	studyboechera_wagner	-1.0033453843276012	0.03141306014442316	-31.940389752372713	2.017784362666337e-175	8.1953087960602e-175	rice	rice_kn
Fibrobacteres	studycannabis	-1.3900949818815338	0.0982904714402672	-14.142723719931675	5.398384446278685e-43	9.828782715983261e-43	rice	rice_kn
Fibrobacteres	studygrape_gilbert	-0.7641376871973936	0.032463448688849914	-23.538401434837354	3.799496061547533e-106	1.0340896497407718e-105	rice	rice_kn
Fibrobacteres	studymaize_ley	-1.3342954206351954	0.029460860852437345	-45.29044237092641	1.282464480157603e-293	8.257820067356272e-293	rice	rice_kn
Firmicutes	studyboechera_wagner	-1.9282508147762216	0.07078963100727485	-27.239170304165885	1.1259472177160366e-135	3.669753894778193e-135	rice	rice_kn
Firmicutes	studycannabis	0.7873394531251368	0.22149851599296874	3.55460373897101	3.889991841249048e-4	4.6468680818540663e-4	other	rice_kn
Firmicutes	studygrape_gilbert	-2.2521756646215807	0.07315669162258519	-30.785641267657887	1.7510036949601636e-165	6.699492398108453e-165	rice	rice_kn
Firmicutes	studymaize_ley	-1.3462032718745554	0.06639033126070516	-20.27709828089592	5.705502935009844e-82	1.3212743638970166e-81	rice	rice_kn
Fusobacteria	studyboechera_wagner	-0.15299366333067357	0.011302855952597005	-13.535841204410017	1.05708901390868e-39	1.8359967083677075e-39	rice	rice_kn
Fusobacteria	studycannabis	-0.152993663330675	0.0353662787100168	-4.325975729172279	1.60770704883707e-5	2.0115386772179455e-5	rice	rice_kn
Fusobacteria	studygrape_gilbert	-0.15299366333067463	0.011680800360347467	-13.097875026615347	2.1303495453272183e-37	3.6052069228614465e-37	rice	rice_kn
Fusobacteria	studymaize_ley	-0.15299366333067557	0.010600427494922694	-14.432782395234081	1.3159882238054215e-44	2.4466259935537416e-44	rice	rice_kn
GAL15	studyboechera_wagner	-0.019200810717421166	0.0029332667582889823	-6.545879491922269	7.829465474995585e-11	1.082187898114573e-10	rice	rice_kn
GAL15	studycannabis	-0.019200810717420292	0.009178098892841331	-2.0920248236153136	0.036585724154662595	0.040753718045700105	rice	rice_kn
GAL15	studygrape_gilbert	0.01878455218033598	0.0030313492050957937	6.1967628634663905	7.230809506540116e-10	9.641079342053488e-10	other	rice_kn
GAL15	studymaize_ley	-0.017634174872243516	0.0027509756582684737	-6.410153001260238	1.8827149496916775e-10	2.5887330558260563e-10	rice	rice_kn
Gemmatimonadetes	studyboechera_wagner	-0.43022559570658647	0.06461415415322744	-6.658380061531719	3.7358885188487504e-11	5.2461413243407983e-11	rice	rice_kn
Gemmatimonadetes	studycannabis	-0.8226585488037587	0.20217564427776147	-4.0690289463034395	4.9393546671565817e-5	6.12201705225041e-5	rice	rice_kn
Gemmatimonadetes	studygrape_gilbert	0.27588959211768116	0.06677471944098796	4.131647342397269	3.778498091512468e-5	4.705299510185338e-5	other	rice_kn
Gemmatimonadetes	studymaize_ley	-1.249885193411457	0.06059863623137394	-20.62563237626707	1.8649891009737418e-84	4.357142678381132e-84	rice	rice_kn
GN02	studyboechera_wagner	-0.29265244611987656	0.014780532630071218	-19.79985792423141	1.3125470644735223e-78	2.936545974754321e-78	rice	rice_kn
GN02	studycannabis	-0.293747014893115	0.046247819017590015	-6.351586326295528	2.7350710502336035e-10	3.702865421854725e-10	rice	rice_kn
GN02	studygrape_gilbert	-0.2749336581622808	0.015274763439924646	-17.999208907135596	2.1962524104297268e-66	4.565438081523211e-66	rice	rice_kn
GN02	studymaize_ley	-0.2928385916244606	0.013861980117105654	-21.12530743447672	4.6103654102282753e-88	1.106487698454786e-87	rice	rice_kn
GN04	studyboechera_wagner	-0.9804789341068324	0.034243116202065736	-28.632876994053607	3.045636002147463e-147	1.0579577691670133e-146	rice	rice_kn
GN04	studycannabis	-0.9804789341067899	0.10714562731585471	-9.150900122283431	1.5844616033638012e-19	2.460575666400256e-19	rice	rice_kn
GN04	studygrape_gilbert	-0.47443637597059124	0.035388136038361745	-13.406650620317745	5.130101142932259e-39	8.851939227020369e-39	rice	rice_kn
GN04	studymaize_ley	-0.9796810303185899	0.032115039952960514	-30.505365453493024	4.370660842210755e-163	1.6251471300614637e-162	rice	rice_kn
GOUTA4	studyboechera_wagner	-0.8588639104422625	0.012986315842974572	-66.13607129437689	0	0	rice	rice_kn
GOUTA4	studycannabis	-0.8588639104422575	0.040633771450782695	-21.13670180683447	3.809777783386492e-88	9.227351695541595e-88	rice	rice_kn
GOUTA4	studygrape_gilbert	-0.8588639104422717	0.013420551709619033	-63.996170129629654	0	0	rice	rice_kn
GOUTA4	studymaize_ley	-0.8588639104422598	0.012179266912446867	-70.51852271703851	0	0	rice	rice_kn
Kazan-3B-28	studyboechera_wagner	-0.0011290501731840343	2.4739840213580715e-4	-4.56369226089121	5.39012694694972e-6	6.874364801906889e-6	rice	rice_kn
Kazan-3B-28	studygrape_gilbert	-0.001129050173184045	2.5567089919015956e-4	-4.416029265592306	1.0692624097536891e-5	1.3442156008332091e-5	rice	rice_kn
Kazan-3B-28	studymaize_ley	-0.001129050173184039	2.3202355539157207e-4	-4.86610150973081	1.244575675474415e-6	1.6027706259768077e-6	rice	rice_kn
KSB3	studyboechera_wagner	-0.06363403346064789	0.004479991769949024	-14.204051419802488	2.4736474659554264e-43	4.5667337833023256e-43	rice	rice_kn
KSB3	studycannabis	-0.06363403346064844	0.014017752523705697	-4.5395318081864895	6.037716212201097e-6	7.663255192409084e-6	rice	rice_kn
KSB3	studygrape_gilbert	-0.06363403346064829	0.004629793540698061	-13.744464607606199	8.040979979665305e-41	1.405840208365325e-40	rice	rice_kn
KSB3	studymaize_ley	-0.06363403346064854	0.004201577737021721	-15.14527100140134	1.124618317105166e-48	2.12070882654117e-48	rice	rice_kn
Lentisphaerae	studyboechera_wagner	-0.21068544262365646	0.006670203015165075	-31.586061495377496	2.31451386284415e-172	9.119875519266502e-172	rice	rice_kn
Lentisphaerae	studycannabis	-0.21068544262364897	0.02087085422269057	-10.094720626939841	2.6425104279538938e-23	4.1773817543702275e-23	rice	rice_kn
Lentisphaerae	studygrape_gilbert	-0.21064536634116018	0.0068932409746608496	-30.55824787142655	1.544212351979286e-163	5.823886584607592e-163	rice	rice_kn
Lentisphaerae	studymaize_ley	-0.21068544262365657	0.006255675887157182	-33.67908542963214	1.510929583074848e-190	6.648090165529331e-190	rice	rice_kn
MVS-104	studyboechera_wagner	-0.16082554602573648	0.003687541259323846	-43.61321940984214	1.0299935790850366e-278	5.911267497357601e-278	rice	rice_kn
MVS-104	studycannabis	-0.16082554602573743	0.01153819994511818	-13.938529995208032	7.120156550812347e-42	1.278721992798952e-41	rice	rice_kn
MVS-104	studygrape_gilbert	-0.16082554602573707	0.0038108451042242427	-42.202068472283294	3.813741762635903e-266	2.0975579694497466e-265	rice	rice_kn
MVS-104	studymaize_ley	-0.16082554602573687	0.0034583749379745866	-46.503212899155784	2.3099558850260665e-304	1.5245708841172037e-303	rice	rice_kn
NC10	studyboechera_wagner	-2.2654038235920355	0.017382490808280582	-130.3267666629718	0	0	rice	rice_kn
NC10	studycannabis	-2.2654038235920595	0.05438926384430361	-41.65167283890943	3.0727957068113877e-261	1.655547074690217e-260	rice	rice_kn
NC10	studygrape_gilbert	-2.2632185450628826	0.01796372578299102	-125.98825947375653	0	0	rice	rice_kn
NC10	studymaize_ley	-2.2654038235920146	0.016302236732655295	-138.96276080043327	0	0	rice	rice_kn
Nitrospirae	studyboechera_wagner	-4.041019047149485	0.05977421207774367	-67.60472295132297	0	0	rice	rice_kn
Nitrospirae	studycannabis	-3.7240192378697263	0.1870316186350595	-19.911174725681654	2.1794515818278348e-79	4.917736902585884e-79	rice	rice_kn
Nitrospirae	studygrape_gilbert	-0.6790646625869701	0.06177293959203024	-10.992914811432755	3.38916522449825e-27	5.389997706430951e-27	rice	rice_kn
Nitrospirae	studymaize_ley	-2.5253958949131157	0.05605947769781738	-45.04850916603241	1.799146161886846e-291	1.1045920621816917e-290	rice	rice_kn
NKB19	studyboechera_wagner	-0.08645323826748867	0.0064697268180589854	-13.362733960601126	8.752555008190839e-39	1.5004380014041436e-38	rice	rice_kn
NKB19	studygrape_gilbert	0.039366998771520445	0.006686061263159717	5.887920738691569	4.710675723687214e-9	6.16037581300601e-9	other	rice_kn
NKB19	studymaize_ley	-0.07479104273829179	0.006067658504577636	-12.326178653902002	1.7347963816702826e-33	2.827075584944164e-33	rice	rice_kn
OC31	studyboechera_wagner	-0.0015628163554742133	4.7052784597938126e-4	-3.3214109830658067	9.147978593258387e-4	0.0010781546199197386	rice	rice_kn
OC31	studygrape_gilbert	-0.0015360789260775785	4.862613357119402e-4	-3.1589575671867673	0.0016114585257790421	0.0018824117292286157	rice	rice_kn
OC31	studymaize_ley	-0.0015628163554742096	4.412863736886393e-4	-3.5415015025523853	4.0868754501649485e-4	4.860068102898858e-4	rice	rice_kn
OD1	studyboechera_wagner	-0.6806913949699882	0.018346781675959916	-37.10140595731344	1.0070141294317033e-220	4.583650520171891e-220	rice	rice_kn
OD1	studycannabis	-0.8137427193878759	0.05740649946394677	-14.17509736678743	3.5767918919413915e-43	6.5574518018925504e-43	rice	rice_kn
OD1	studygrape_gilbert	-0.14393758115841998	0.01896026056693477	-7.5915402454666685	5.205801453594531e-14	7.551272438181077e-14	rice	rice_kn
OD1	studymaize_ley	-0.7617486913232322	0.01720660068011428	-44.270725257405864	1.4605818036133142e-284	8.763490821679884e-284	rice	rice_kn
OP11	studyboechera_wagner	-0.3919604390177722	0.006947623143774545	-56.41647955085049	0	0	rice	rice_kn
OP11	studycannabis	-0.42109470908071955	0.02173889302892847	-19.370568157281912	1.2582944390479395e-75	2.7453696851955044e-75	rice	rice_kn
OP11	studygrape_gilbert	-0.3907967759301104	0.007179937465514084	-54.428994375946054	0	0	rice	rice_kn
OP11	studymaize_ley	-0.42057766758992304	0.00651585543569696	-64.54680766638839	0	0	rice	rice_kn
OP3	studyboechera_wagner	-1.6722894265266501	0.02310311849589817	-72.38370987983964	0	0	rice	rice_kn
OP3	studycannabis	-1.697318949387807	0.07228892690689773	-23.479653413223524	1.0768039134262517e-105	2.9007778892299022e-105	rice	rice_kn
OP3	studygrape_gilbert	-1.2517521678811778	0.023875639571433484	-52.428005714195116	0	0	rice	rice_kn
OP3	studymaize_ley	-1.6750741354480183	0.021667349699002914	-77.30867682100971	0	0	rice	rice_kn
OP8	studyboechera_wagner	-0.7379598723875422	0.010895269675588204	-67.73213461994477	0	0	rice	rice_kn
OP8	studycannabis	-0.737959872387532	0.03409095414324132	-21.646794316369576	7.02339260471958e-92	1.7328744370523074e-91	rice	rice_kn
OP8	studygrape_gilbert	-0.737959872387545	0.011259585231062979	-65.54059117130345	0	0	rice	rice_kn
OP8	studymaize_ley	-0.7379598723875463	0.01021817111693492	-72.2203478433142	0	0	rice	rice_kn
PAUC34f	studyboechera_wagner	-0.054158414610714745	0.0028778821293793935	-18.818843919223976	7.428784770210754e-72	1.5944708775086498e-71	rice	rice_kn
PAUC34f	studycannabis	-0.05415841461071204	0.009004802141075038	-6.014392516596299	2.2098531480189433e-9	2.9170061553850054e-9	rice	rice_kn
PAUC34f	studygrape_gilbert	-0.024746310405242014	0.002974112627363757	-8.320569361617302	1.7853151015106032e-16	2.6628428632700523e-16	rice	rice_kn
PAUC34f	studymaize_ley	-0.051573181963530314	0.002699032968248223	-19.108022232497333	7.998479178044022e-74	1.730818445084936e-73	rice	rice_kn
Planctomycetes	studycannabis	-0.6083248030593951	0.16363972034517077	-3.717464205977834	2.0781593660886956e-4	2.50517841391514e-4	rice	rice_kn
Planctomycetes	studygrape_gilbert	1.0765611158936081	0.054047046341736016	19.918962991734666	1.9217208178519218e-79	4.373571516490581e-79	other	rice_kn
Planctomycetes	studymaize_ley	-1.4944593364965975	0.04904816265888622	-30.469221587158497	8.89693088605993e-163	3.2622079915553073e-162	rice	rice_kn
SBR1093	studyboechera_wagner	-0.07751053076772545	0.003400027130709904	-22.79703302001056	1.7637870835640098e-100	4.656397900608986e-100	rice	rice_kn
SBR1093	studycannabis	-0.0775105307677283	0.010638577332189812	-7.285798499880226	4.89176086932237e-13	7.056966500006043e-13	rice	rice_kn
SBR1093	studygrape_gilbert	-0.05600552043320413	0.003513717090631618	-15.939109207889215	2.2180816305637624e-53	4.33758185532469e-53	rice	rice_kn
SBR1093	studymaize_ley	-0.07751053076772633	0.003188728692200951	-24.30765933687082	4.0229011506160747e-112	1.141984842755531e-111	rice	rice_kn
Spirochaetes	studyboechera_wagner	-3.2148679146746124	0.030071200838698586	-106.90853125284586	0	0	rice	rice_kn
Spirochaetes	studycannabis	-3.1450205472640658	0.09409183612235172	-33.42500982948678	2.5126197476082163e-188	1.069889698981563e-187	rice	rice_kn
Spirochaetes	studygrape_gilbert	-2.8431530340227953	0.03107672034978426	-91.4881944433539	0	0	rice	rice_kn
Spirochaetes	studymaize_ley	-3.1251517841861554	0.028202392874222295	-110.81158248251423	0	0	rice	rice_kn
SR1	studygrape_gilbert	0.037104107651340486	0.003301530528990084	11.238456626566583	2.6121023256453494e-28	4.204847646160807e-28	other	rice_kn
Tenericutes	studyboechera_wagner	0.3452226162556498	0.020844122544554703	16.56210836017347	3.396654702021827e-57	6.742231889727536e-57	other	rice_kn
Tenericutes	studycannabis	-0.15593220261934296	0.0652206000384432	-2.39084280928773	0.016919004115389692	0.019088107207106318	rice	rice_kn
Tenericutes	studygrape_gilbert	-0.14486988536908654	0.02154110741131926	-6.725275660292255	2.39310818949979e-11	3.396669688322283e-11	rice	rice_kn
Tenericutes	studymaize_ley	-0.09090615563970843	0.01954874154421719	-4.6502305754101	3.574252979387469e-6	4.580596051253844e-6	rice	rice_kn
TM6	studyboechera_wagner	0.11698509494321385	0.017537849558394658	6.670435537361411	3.4487734138418574e-11	4.868856584247328e-11	other	rice_kn
TM6	studygrape_gilbert	0.2781488691113694	0.018124279412261923	15.346754636942347	7.47733720328913e-50	1.4201561306966405e-49	other	rice_kn
TM6	studymaize_ley	-0.11139493125777346	0.01644794054178043	-6.772576236812889	1.7423350002502413e-11	2.4863591354922363e-11	rice	rice_kn
TM7	studyboechera_wagner	0.43514158262632624	0.014956569778955186	29.09367515796284	4.117958208626396e-151	1.4892342014758473e-150	other	rice_kn
TM7	studygrape_gilbert	0.2377988999148788	0.015456686911367801	15.38485584125967	4.464950452991985e-50	8.541644344854233e-50	other	rice_kn
TM7	studymaize_ley	-0.03172062341171619	0.014027077243087221	-2.2613850955550023	0.02386250743526613	0.026807242395362803	rice	rice_kn
TPD-58	studyboechera_wagner	-0.16719259015845864	0.006317050184193813	-26.466876989009688	2.3240716189135664e-129	7.304225088014066e-129	rice	rice_kn
TPD-58	studycannabis	-0.16719259015845148	0.0197658501865654	-8.45865918138397	5.782173847327678e-17	8.673260770991518e-17	rice	rice_kn
TPD-58	studygrape_gilbert	-0.1671925901584608	0.006528279434624675	-25.610513739915156	1.9071581919409004e-122	5.657188344633682e-122	rice	rice_kn
TPD-58	studymaize_ley	-0.16719259015845947	0.0059244701286269765	-28.22068244560584	8.444667903691269e-144	2.8953147098370062e-143	rice	rice_kn
unclassified	studyboechera_wagner	-0.18084894958382383	0.011458915043249	-15.78237982402799	1.945140677742566e-52	3.7758613156179225e-52	rice	rice_kn
unclassified	studycannabis	-0.2225869993959262	0.035854582667740165	-6.208048813693119	6.741075673602801e-10	9.033725775792587e-10	rice	rice_kn
unclassified	studygrape_gilbert	0.15076652528819243	0.011842077748112856	12.731425050153758	1.620318380759124e-35	2.7073674210152453e-35	other	rice_kn
unclassified	studymaize_ley	-0.16616141053850614	0.01074678812115008	-15.461494975554071	1.5781096110651852e-50	3.041028739570868e-50	rice	rice_kn
Verrucomicrobia	studyboechera_wagner	-1.1430118367236661	0.05441522100661189	-21.00536973992591	3.420591098156763e-87	8.062821874226655e-87	rice	rice_kn
Verrucomicrobia	studycannabis	-2.3615363949662607	0.17026350510508115	-13.869891809808546	1.6833779051821008e-41	2.982629308510568e-41	rice	rice_kn
Verrucomicrobia	studymaize_ley	-1.7446078835268712	0.05103352704130051	-34.185524392915106	5.532417126739404e-195	2.4755222397613602e-194	rice	rice_kn
WPS-2	studyboechera_wagner	0.15194895314919868	0.013695793558708787	11.094570935072136	1.1797478695237681e-27	1.887596591238029e-27	other	rice_kn
WPS-2	studymaize_ley	0.04832459000261713	0.012844653352515221	3.7622338786709473	1.7416889337040485e-4	2.1092012775131598e-4	other	rice_kn
WS1	studyboechera_wagner	-0.11500455692180538	0.0028321684023306006	-40.6065390840346	6.396124890494868e-252	3.2472634059435482e-251	rice	rice_kn
WS1	studycannabis	-0.11500455692180221	0.008861765335292357	-12.97761253774027	8.924054520490535e-37	1.5006053461207016e-36	rice	rice_kn
WS1	studygrape_gilbert	-0.11500455692180701	0.002926870326690034	-39.29267240611388	3.2833143352306647e-240	1.575990880910719e-239	rice	rice_kn
WS1	studymaize_ley	-0.11500455692180563	0.0026561601712192496	-43.29729741750303	6.681554515193478e-276	3.753043387257613e-275	rice	rice_kn
WS2	studyboechera_wagner	0.031700213954926094	0.004173752392175448	7.595135258707399	5.0679510949014094e-14	7.391928668806476e-14	other	rice_kn
WS2	studycannabis	0.035452263821576964	0.013059539198529778	2.714664222269659	0.006702017720877645	0.007593702482024457	other	rice_kn
WS2	studygrape_gilbert	0.09826948639202032	0.004313314143875502	22.782826178230884	2.2600580241932886e-100	5.907478399871566e-100	other	rice_kn
WS2	studymaize_ley	-0.008206154720834587	0.003914369943363769	-2.0964177733754825	0.03619402746573745	0.040488234114214774	rice	rice_kn
WS3	studyboechera_wagner	-2.346397646263374	0.03449646710314794	-68.01849126310259	0	0	rice	rice_kn
WS3	studycannabis	-2.449096054100919	0.1079383542705894	-22.689766493579366	1.1443111857425474e-99	2.961746598392476e-99	rice	rice_kn
WS3	studygrape_gilbert	-0.9605492142093769	0.03564995847590023	-26.943908359913486	2.9802815269172665e-133	9.59505272080681e-133	rice	rice_kn
WS3	studymaize_ley	-2.141256547047272	0.03235264608268193	-66.1848969501591	0	0	rice	rice_kn
WS4	studyboechera_wagner	-0.8491962745023578	0.011375390820654212	-74.6520526539166	0	0	rice	rice_kn
WS4	studycannabis	-0.8491962745023478	0.03559323801752846	-23.858359671692348	1.2761456360672336e-108	3.54634155707105e-108	rice	rice_kn
WS4	studygrape_gilbert	-0.8486535505038888	0.011755760646180865	-72.19044143941412	0	0	rice	rice_kn
WS4	studymaize_ley	-0.8481551417160422	0.010668454603550717	-79.50121861452698	0	0	rice	rice_kn
WS5	studyboechera_wagner	-0.27376981807445155	0.012462015939419726	-21.968341190165354	2.9301499105529956e-94	7.438072849865297e-94	rice	rice_kn
WS5	studycannabis	-0.273769818074444	0.03899325363877827	-7.020953434934282	3.18428849475836e-12	4.568761753348951e-12	rice	rice_kn
WS5	studygrape_gilbert	-0.2737698180744519	0.0128787202885996	-21.257532731477696	5.0222028435236576e-89	1.2276495839724498e-88	rice	rice_kn
WS5	studymaize_ley	-0.27376981807445216	0.011687550205046813	-23.424054936357436	2.8824968604624882e-105	7.686658294566634e-105	rice	rice_kn
WWE1	studyboechera_wagner	-0.0029111388788412218	4.665795690811992e-4	-6.239319232459992	5.547223727238181e-10	7.471770734647346e-10	rice	rice_kn
WWE1	studygrape_gilbert	-0.0029111388788412517	4.821810365018596e-4	-6.037439588999731	1.922103267254714e-9	2.5499259424886653e-9	rice	rice_kn
WWE1	studymaize_ley	-0.0029111388788412673	4.375834668158467e-4	-6.652762500431479	3.87755007631844e-11	5.4162604240638525e-11	rice	rice_kn
ZB3	studyboechera_wagner	-0.08439389400316086	0.0029037563968314544	-29.063696285008792	7.362395108896753e-151	2.6265842010118145e-150	rice	rice_kn
ZB3	studycannabis	-0.08439389400316136	0.009085761905400518	-9.28858744944639	4.666947182751471e-20	7.290379031043719e-20	rice	rice_kn
ZB3	studygrape_gilbert	-0.08439389400316144	0.0030008520774501145	-28.123310254890225	5.461634296558863e-143	1.825153739609544e-142	rice	rice_kn
ZB3	studymaize_ley	-0.08439389400316077	0.002723299250793104	-30.989577799275207	3.127137510969125e-167	1.2140651513174249e-166	rice	rice_kn
Alphaproteobacteria	studyboechera_wagner	1.5274180425763328	0.04769622652088693	32.023875974914965	3.826131718279917e-176	1.5782793337904657e-175	other	rice_kn
Alphaproteobacteria	studycannabis	1.3357253462308143	0.14923998391452606	8.95018420127827	9.144925538488572e-19	1.3955262093416087e-18	other	rice_kn
Alphaproteobacteria	studygrape_gilbert	1.2981564134557197	0.04929109087729117	26.336532431133342	2.6593627507158606e-128	8.259667837517497e-128	other	rice_kn
Alphaproteobacteria	studymaize_ley	-0.28504575637525464	0.04473209188337053	-6.372287643476437	2.397710222206007e-10	3.2628633951669377e-10	rice	rice_kn
Betaproteobacteria	studyboechera_wagner	0.16901080180607914	0.05483616775888901	3.0821045436509786	0.0020887472339534145	0.002418549428788164	other	rice_kn
Betaproteobacteria	studygrape_gilbert	-0.21569802478018188	0.056669777161137164	-3.806226803519225	1.4615385475523376e-4	1.7863248914528574e-4	rice	rice_kn
Betaproteobacteria	studymaize_ley	-1.12862759340398	0.05142831359307564	-21.945646562206925	4.319981375413181e-94	1.0861667458181712e-93	rice	rice_kn
Deltaproteobacteria	studyboechera_wagner	-1.5110980176022697	0.05231380205872217	-28.885264655512213	2.328753260784956e-149	8.197211477963045e-149	rice	rice_kn
Deltaproteobacteria	studycannabis	-2.9771042118874043	0.16368823169548752	-18.18764966210748	1.2536878234786824e-67	2.6477886831869772e-67	rice	rice_kn
Deltaproteobacteria	studygrape_gilbert	-1.8163298243998878	0.054063068705946474	-33.596498827675816	7.970739367328634e-190	3.4496314638930483e-189	rice	rice_kn
Deltaproteobacteria	studymaize_ley	-3.633973844461996	0.0490627030931776	-74.06795009970247	0	0	rice	rice_kn
Epsilonproteobacteria	studyboechera_wagner	-0.11077489087749826	0.012109648362538165	-9.147655453001114	1.6304484558595958e-19	2.517183580976218e-19	rice	rice_kn
Epsilonproteobacteria	studycannabis	-0.11077489087749501	0.037890706637858276	-2.9235372128640886	0.0035070077262755934	0.00400800883002925	rice	rice_kn
Epsilonproteobacteria	studygrape_gilbert	-0.11077489087749876	0.012514570259945365	-8.851673575404288	2.1347674809459497e-18	3.2389575572973027e-18	rice	rice_kn
Epsilonproteobacteria	studymaize_ley	-0.11077489087749906	0.011357080900124251	-9.753817186975144	6.666975054247712e-22	1.0476675085246406e-21	rice	rice_kn
Gammaproteobacteria	studyboechera_wagner	1.141131968713946	0.06824378748266777	16.72140440628043	3.457909291657976e-58	6.915818583315953e-58	other	rice_kn
Gammaproteobacteria	studycannabis	2.8064928042545216	0.21353265214219053	13.143155279060972	1.2388623801983902e-37	2.1100623765959677e-37	other	rice_kn
Gammaproteobacteria	studygrape_gilbert	1.9303224617059145	0.07052572029247758	27.370474965738232	9.350473119909539e-137	3.0856561295701474e-136	other	rice_kn
Gammaproteobacteria	studymaize_ley	3.4026659031986815	0.06400270199167823	53.164410209448704	0	0	other	rice_kn
TA18	studyboechera_wagner	-0.1082621117986122	0.007862421513221874	-13.769563437492224	5.885718976753732e-41	1.0358865399086569e-40	rice	rice_kn
TA18	studycannabis	-0.2086459016787459	0.024601268187298027	-8.4811034980088	4.806523099634323e-17	7.250983418876922e-17	rice	rice_kn
TA18	studygrape_gilbert	-0.07409084857666542	0.008125324823213752	-9.11850912901237	2.107402572352437e-19	3.234617901750252e-19	rice	rice_kn
TA18	studymaize_ley	-0.20797977337617773	0.007373802650849412	-28.20522642441751	1.135897480997915e-143	3.8445760895314045e-143	rice	rice_kn
Zetaproteobacteria	studyboechera_wagner	-0.12459837248485893	0.010623065128841931	-11.729041568856687	1.3523916396912292e-30	2.1903766434262855e-30	rice	rice_kn
Zetaproteobacteria	studycannabis	-0.1255532951735308	0.03323923472765852	-3.777261907569049	1.6407463131716082e-4	1.9961153303101593e-4	rice	rice_kn
Zetaproteobacteria	studygrape_gilbert	-0.06463807725116134	0.01097827872047337	-5.887815284796689	4.7136208872242955e-9	6.16037581300601e-9	rice	rice_kn
