Phylum2	Compartment	component	term	estimate	std.error	statistic	p.value	x
[Parvarchaeota]	Rhizosphere	mean	(Intercept)	-9.308399348190282	0.3062202940722287	-30.397721928889183	5.887234187326141e-203	NA
[Parvarchaeota]	Rhizosphere	mean	host_common_nameMudplantain	-0.3215870989043937	0.4069834174524578	-0.7901724864305073	0.42942704181139135	NA
[Parvarchaeota]	Rhizosphere	mean	host_common_nameRedstem	0.33431036272687564	0.3681888964570007	0.9079859983390847	0.3638856192796628	NA
[Parvarchaeota]	Rhizosphere	mean	host_common_nameSedge	0.7463726482218318	0.3501912540768444	2.131328636945488	0.03306207744727669	NA
[Parvarchaeota]	Rhizosphere	precision	(phi)	24462.42109488344	7686.052559771683	3.18270281196335	0.0014590729017817316	NA
[Thermi]	Rhizosphere	mean	(Intercept)	-9.596979047087054	0.20900520563307687	-45.91741635342431	0	NA
[Thermi]	Rhizosphere	mean	host_common_nameMudplantain	-0.04238239502871261	0.269471776632386	-0.1572795324184572	0.8750245502582732	NA
[Thermi]	Rhizosphere	mean	host_common_nameRedstem	-0.13143607563179266	0.2740286887978488	-0.4796434862656047	0.6314809191778621	NA
[Thermi]	Rhizosphere	mean	host_common_nameSedge	0.06463272159550705	0.2643394266395031	0.24450655135773938	0.8068385286787115	NA
[Thermi]	Rhizosphere	precision	(phi)	77973.86705351976	23939.786338086633	3.2570828307464232	0.0011256358074290566	NA
AC1	Rhizosphere	mean	(Intercept)	-10.406597730737571	0.07155784542813395	-145.42916529242052	0	NA
AC1	Rhizosphere	mean	host_common_nameMudplantain	0.14479318158067755	0.08979501556901937	1.6124857339034016	0.10685628187171169	NA
AC1	Rhizosphere	mean	host_common_nameRedstem	0.34296862542649625	0.08681595056492136	3.9505254874796627	7.79797927532968e-5	NA
AC1	Rhizosphere	mean	host_common_nameSedge	0.30900329021580814	0.08729276214438524	3.5398500703266333	4.0035440588071116e-4	NA
AC1	Rhizosphere	precision	(phi)	1601425.563944967	483529.44462238025	3.311950454631827	9.264795242461731e-4	NA
Acidobacteria	Rhizosphere	mean	(Intercept)	-1.1131695214394792	0.09113762695941108	-12.21415960210637	2.6118642532851985e-34	NA
Acidobacteria	Rhizosphere	mean	host_common_nameMudplantain	-0.41839516470298876	0.12375637598423432	-3.3807968387526905	7.227596055764228e-4	NA
Acidobacteria	Rhizosphere	mean	host_common_nameRedstem	-0.4254038162207065	0.12388243235079323	-3.4339317379247647	5.948939894826059e-4	NA
Acidobacteria	Rhizosphere	mean	host_common_nameSedge	-0.5081004441818243	0.1254330324627275	-4.050770631992866	5.1049229150641454e-5	NA
Acidobacteria	Rhizosphere	precision	(phi)	160.13184306343652	48.201507334380665	3.3221335165429435	8.933193654255939e-4	NA
Actinobacteria	Rhizosphere	mean	(Intercept)	-2.835932684293476	0.08901233989932282	-31.859994777140454	9.570800945042809e-223	NA
Actinobacteria	Rhizosphere	mean	host_common_nameMudplantain	-0.487529284059576	0.1267118579678302	-3.847542699463461	1.1930848790941905e-4	NA
Actinobacteria	Rhizosphere	mean	host_common_nameRedstem	-0.7149144418351117	0.13395323968895614	-5.337044803807408	9.447370139641976e-8	NA
Actinobacteria	Rhizosphere	mean	host_common_nameSedge	-0.4608947261617869	0.12593923252422523	-3.6596596384143503	2.525504710728537e-4	NA
Actinobacteria	Rhizosphere	precision	(phi)	595.5860443275311	180.09007299074509	3.3071564380905025	9.424824255419459e-4	NA
AD3	Rhizosphere	mean	(Intercept)	-8.758065171124406	0.225435149277394	-38.84959909400712	0	NA
AD3	Rhizosphere	mean	host_common_nameMudplantain	-0.7868482494356379	0.33833868000574285	-2.325623098790485	0.020038666210681996	NA
AD3	Rhizosphere	mean	host_common_nameRedstem	-0.9860855822317315	0.3542275607983268	-2.783763013836018	0.005373227812302499	NA
AD3	Rhizosphere	mean	host_common_nameSedge	-0.44987319440939183	0.314144082530006	-1.432060062332772	0.15212663288616154	NA
AD3	Rhizosphere	precision	(phi)	28603.30904593589	9022.19394074984	3.1703274429455077	0.0015226724191909542	NA
Armatimonadetes	Rhizosphere	mean	(Intercept)	-4.000021097168722	0.1170954277490631	-34.160352577906075	9.386077916601322e-256	NA
Armatimonadetes	Rhizosphere	mean	host_common_nameMudplantain	-0.013976009592174717	0.1512028403286846	-0.09243218951306521	0.9263546653583322	NA
Armatimonadetes	Rhizosphere	mean	host_common_nameRedstem	-0.18129481575237114	0.15629955482891783	-1.159918951469904	0.24608180597747048	NA
Armatimonadetes	Rhizosphere	mean	host_common_nameSedge	-0.215081124770403	0.15740880000946625	-1.3663856452591499	0.17181795194021995	NA
Armatimonadetes	Rhizosphere	precision	(phi)	1009.4896582666448	305.7744232334858	3.301419548409418	9.619691834344291e-4	NA
Bacteroidetes	Rhizosphere	mean	(Intercept)	-3.4660271081618927	0.16772508648444745	-20.66492962269711	7.166147001128518e-95	NA
Bacteroidetes	Rhizosphere	mean	host_common_nameMudplantain	1.1031838586878784	0.1875729310968465	5.881359598300937	4.069100323252402e-9	NA
Bacteroidetes	Rhizosphere	mean	host_common_nameRedstem	1.196174736019582	0.18621631500661825	6.423576451811266	1.3310924369365865e-10	NA
Bacteroidetes	Rhizosphere	mean	host_common_nameSedge	0.7633654945907614	0.19361682711316805	3.942660903871636	8.058255206528283e-5	NA
Bacteroidetes	Rhizosphere	precision	(phi)	288.8168680210288	87.28742296126723	3.3088027830674753	9.369581165925205e-4	NA
BHI80-139	Rhizosphere	mean	(Intercept)	-10.333861258169293	0.19457303445765084	-53.1104491790124	0	NA
BHI80-139	Rhizosphere	mean	host_common_nameMudplantain	0.1354291390227769	0.24337124661795376	0.5564714028661517	0.5778886386094955	NA
BHI80-139	Rhizosphere	mean	host_common_nameRedstem	0.5417658646655703	0.22879668661108712	2.367892090965784	0.017889752851100473	NA
BHI80-139	Rhizosphere	mean	host_common_nameSedge	0.290411162572699	0.23727914806771166	1.223921970968242	0.22098166444195683	NA
BHI80-139	Rhizosphere	precision	(phi)	190038.48896930032	57953.52615406392	3.2791531694568703	0.001041191070022354	NA
BRC1	Rhizosphere	mean	(Intercept)	-6.670859176529236	0.18191644148161726	-36.669908020399184	2.204388417976684e-294	NA
BRC1	Rhizosphere	mean	host_common_nameMudplantain	-0.4132407310740406	0.2539090624615212	-1.6275146978523676	0.10362782958508539	NA
BRC1	Rhizosphere	mean	host_common_nameRedstem	0.37685499466358835	0.21906912963883235	1.72025604559113	0.0853859094097296	NA
BRC1	Rhizosphere	mean	host_common_nameSedge	-0.1466764328053968	0.23998060739135427	-0.6112011899619898	0.5410663957041197	NA
BRC1	Rhizosphere	precision	(phi)	5642.67963456552	1725.1399914194558	3.2708531844553024	0.0010722356006578884	NA
Caldiserica	Rhizosphere	mean	(Intercept)	-10.406597730737571	0.07155784542813395	-145.42916529242052	0	NA
Caldiserica	Rhizosphere	mean	host_common_nameMudplantain	0.14479318158067755	0.08979501556901937	1.6124857339034016	0.10685628187171169	NA
Caldiserica	Rhizosphere	mean	host_common_nameRedstem	0.34296862542649625	0.08681595056492136	3.9505254874796627	7.79797927532968e-5	NA
Caldiserica	Rhizosphere	mean	host_common_nameSedge	0.30900329021580814	0.08729276214438524	3.5398500703266333	4.0035440588071116e-4	NA
Caldiserica	Rhizosphere	precision	(phi)	1601425.563944967	483529.44462238025	3.311950454631827	9.264795242461731e-4	NA
Chlamydiae	Rhizosphere	mean	(Intercept)	-10.406597730737571	0.07155784542813395	-145.42916529242052	0	NA
Chlamydiae	Rhizosphere	mean	host_common_nameMudplantain	0.14479318158067755	0.08979501556901937	1.6124857339034016	0.10685628187171169	NA
Chlamydiae	Rhizosphere	mean	host_common_nameRedstem	0.34296862542649625	0.08681595056492136	3.9505254874796627	7.79797927532968e-5	NA
Chlamydiae	Rhizosphere	mean	host_common_nameSedge	0.30900329021580814	0.08729276214438524	3.5398500703266333	4.0035440588071116e-4	NA
Chlamydiae	Rhizosphere	precision	(phi)	1601425.563944967	483529.44462238025	3.311950454631827	9.264795242461731e-4	NA
Chlorobi	Rhizosphere	mean	(Intercept)	-5.286358420045041	0.15978203913035927	-33.084810087647774	4.9151188584132e-240	NA
Chlorobi	Rhizosphere	mean	host_common_nameMudplantain	0.299304664360827	0.1949699137040899	1.5351325682745505	0.12475126778912192	NA
Chlorobi	Rhizosphere	mean	host_common_nameRedstem	1.0227632685369434	0.17823564041565834	5.738264615044364	9.565158574608704e-9	NA
Chlorobi	Rhizosphere	mean	host_common_nameSedge	0.24900393078746136	0.1965415406903126	1.2669277441953755	0.2051811272791505	NA
Chlorobi	Rhizosphere	precision	(phi)	1871.6220467069354	567.7390041665186	3.2966240349376914	9.785439556485385e-4	NA
Chloroflexi	Rhizosphere	mean	(Intercept)	-2.588287807795961	0.06871951973526778	-37.66452119815408	0	NA
Chloroflexi	Rhizosphere	mean	host_common_nameMudplantain	-0.663266065972468	0.10185446313531624	-6.511899877095245	7.420617760010786e-11	NA
Chloroflexi	Rhizosphere	mean	host_common_nameRedstem	-0.4376142589227029	0.09658845263697174	-4.530709903465154	5.878581444315148e-6	NA
Chloroflexi	Rhizosphere	mean	host_common_nameSedge	-0.5093536411861791	0.09816710756335705	-5.188638575883906	2.118370907821931e-7	NA
Chloroflexi	Rhizosphere	precision	(phi)	808.6406205474701	244.15504394304622	3.3119963752872574	9.263274612320193e-4	NA
Crenarchaeota	Rhizosphere	mean	(Intercept)	-5.28156996743198	0.12288737707884856	-42.978946194312144	0	NA
Crenarchaeota	Rhizosphere	mean	host_common_nameMudplantain	-1.2092607640572388	0.2154231495809841	-5.613420685796077	1.9836554692020387e-8	NA
Crenarchaeota	Rhizosphere	mean	host_common_nameRedstem	-1.2061796783516507	0.2152172055130934	-5.604476070935086	2.0888584500608852e-8	NA
Crenarchaeota	Rhizosphere	mean	host_common_nameSedge	-0.8693939296506463	0.1947029906713796	-4.465231513151292	7.9982216150922e-6	NA
Crenarchaeota	Rhizosphere	precision	(phi)	3207.6983289808363	981.5724199493851	3.267918152331788	0.001083416920088947	NA
Cyanobacteria	Rhizosphere	mean	(Intercept)	-5.659298829599946	0.29353674191383605	-19.279694912131852	7.954426079791645e-83	NA
Cyanobacteria	Rhizosphere	mean	host_common_nameMudplantain	0.6652469087111648	0.33943248022356404	1.959879939223866	0.05000982487791446	NA
Cyanobacteria	Rhizosphere	mean	host_common_nameRedstem	1.0364658068492663	0.32688004933850195	3.1707833162248145	0.0015202850001270315	NA
Cyanobacteria	Rhizosphere	mean	host_common_nameSedge	1.0914020903403703	0.325310454538036	3.3549554744259265	7.937775970128959e-4	NA
Cyanobacteria	Rhizosphere	precision	(phi)	709.1981992091311	217.87068447154377	3.2551336630227548	0.0011333901069138725	NA
Elusimicrobia	Rhizosphere	mean	(Intercept)	-7.203321748474034	0.20297819900766378	-35.488154805246154	7.486767633019062e-276	NA
Elusimicrobia	Rhizosphere	mean	host_common_nameMudplantain	0.42878524123168504	0.2424132269266402	1.7688194933416126	0.07692400260101948	NA
Elusimicrobia	Rhizosphere	mean	host_common_nameRedstem	0.023189674756149366	0.25877429770604365	0.08961351634114693	0.9285943431376422	NA
Elusimicrobia	Rhizosphere	mean	host_common_nameSedge	0.6051259128150024	0.2367163830000737	2.556333047784082	0.010578181889984687	NA
Elusimicrobia	Rhizosphere	precision	(phi)	7593.216416673502	2317.8056328102657	3.276036743196179	0.0010527486377402162	NA
Euryarchaeota	Rhizosphere	mean	(Intercept)	-4.156567842192623	0.06795946544059212	-61.16245640316514	0	NA
Euryarchaeota	Rhizosphere	mean	host_common_nameMudplantain	-1.6613952887292958	0.14117026681715245	-11.768733786422462	5.656716896720876e-32	NA
Euryarchaeota	Rhizosphere	mean	host_common_nameRedstem	-1.2905063292563568	0.1238061198651708	-10.42360693204636	1.9347364449137668e-25	NA
Euryarchaeota	Rhizosphere	mean	host_common_nameSedge	-1.8827816845059953	0.15341403644524212	-12.272551639549711	1.2718112641818903e-34	NA
Euryarchaeota	Rhizosphere	precision	(phi)	3539.067373687121	1074.3412796959844	3.294174244788026	9.871128697392e-4	NA
FBP	Rhizosphere	mean	(Intercept)	-9.188677328231108	0.35379440144291996	-25.971799697100575	1.031613710669272e-148	NA
FBP	Rhizosphere	mean	host_common_nameMudplantain	0.783080561367735	0.40278835351106046	1.9441489669244665	0.05187748978684164	NA
FBP	Rhizosphere	mean	host_common_nameRedstem	1.4796891320192795	0.3805019520952916	3.8887819730520365	1.0074857238470653e-4	NA
FBP	Rhizosphere	mean	host_common_nameSedge	1.030335254168596	0.39355249394210495	2.6180376697604344	0.008843704172535287	NA
FBP	Rhizosphere	precision	(phi)	14945.681355530938	4646.354772848342	3.216646615722981	0.0012969824474426707	NA
FCPU426	Rhizosphere	mean	(Intercept)	-8.8646830547880775	0.3236449255333477	-27.390149992865183	3.593327621409296e-165	NA
FCPU426	Rhizosphere	mean	host_common_nameMudplantain	0.40078605421817187	0.38508588268335725	1.0407705715551363	0.2979820411814352	NA
FCPU426	Rhizosphere	mean	host_common_nameRedstem	-0.12482696115250898	0.41468731722204466	-0.30101465843883113	0.7634033168073258	NA
FCPU426	Rhizosphere	mean	host_common_nameSedge	0.25319879074037116	0.3926302131555237	0.6448785199321307	0.5190059126583697	NA
FCPU426	Rhizosphere	precision	(phi)	13687.304594608157	4330.282825153547	3.160833864038158	0.0015731819996910555	NA
Fibrobacteres	Rhizosphere	mean	(Intercept)	-8.207275926773272	0.41642917721856026	-19.70869568168067	1.8158721558597823e-86	NA
Fibrobacteres	Rhizosphere	mean	host_common_nameMudplantain	1.2389086640124414	0.45487485740302674	2.7236252869319344	0.006456971976239074	NA
Fibrobacteres	Rhizosphere	mean	host_common_nameRedstem	0.019384295590176164	0.5090791958591179	0.03807717099392244	0.9696261530152598	NA
Fibrobacteres	Rhizosphere	mean	host_common_nameSedge	1.2966725537475696	0.45304923797615004	2.862100727814999	0.004208431352493203	NA
Fibrobacteres	Rhizosphere	precision	(phi)	3489.3863531102147	1129.5172349847194	3.0892723413445045	0.002006474173184026	NA
Firmicutes	Rhizosphere	mean	(Intercept)	-3.554128940658657	0.14659477236232335	-24.24458173634104	7.542183347158948e-130	NA
Firmicutes	Rhizosphere	mean	host_common_nameMudplantain	-1.1887464638336571	0.2505641760716083	-4.744279419632307	2.0924985021983973e-6	NA
Firmicutes	Rhizosphere	mean	host_common_nameRedstem	-0.8372891240194007	0.22730991021922003	-3.6834695117863996	2.3008081387061784e-4	NA
Firmicutes	Rhizosphere	mean	host_common_nameSedge	-0.188521205235466	0.19542696459650485	-0.9646632214991566	0.3347135222569656	NA
Firmicutes	Rhizosphere	precision	(phi)	415.5198719637184	127.10029341135143	3.2692282669947637	0.0010784126384800375	NA
Fusobacteria	Rhizosphere	mean	(Intercept)	-8.180519546435752	0.5157376652540785	-15.861784192949363	1.1653557147224232e-56	NA
Fusobacteria	Rhizosphere	mean	host_common_nameMudplantain	0.5624786855603884	0.5768974923634577	0.9750062931561763	0.3295571383290605	NA
Fusobacteria	Rhizosphere	mean	host_common_nameRedstem	1.0357250358610808	0.5617326069857919	1.8438043705860176	0.0652116555466568	NA
Fusobacteria	Rhizosphere	mean	host_common_nameSedge	0.3610265992775442	0.5834624827288567	0.6187657475233389	0.536070689961207	NA
Fusobacteria	Rhizosphere	precision	(phi)	1509.275188271712	545.9784090201381	2.7643495847764252	0.005703639670872144	NA
GAL15	Rhizosphere	mean	(Intercept)	-10.406597730737571	0.07155784542813395	-145.42916529242052	0	NA
GAL15	Rhizosphere	mean	host_common_nameMudplantain	0.14479318158067755	0.08979501556901937	1.6124857339034016	0.10685628187171169	NA
GAL15	Rhizosphere	mean	host_common_nameRedstem	0.34296862542649625	0.08681595056492136	3.9505254874796627	7.79797927532968e-5	NA
GAL15	Rhizosphere	mean	host_common_nameSedge	0.30900329021580814	0.08729276214438524	3.5398500703266333	4.0035440588071116e-4	NA
GAL15	Rhizosphere	precision	(phi)	1601425.563944967	483529.44462238025	3.311950454631827	9.264795242461731e-4	NA
Gemmatimonadetes	Rhizosphere	mean	(Intercept)	-2.7710223579760958	0.07682973682011768	-36.06705518807023	7.452712531665634e-285	NA
Gemmatimonadetes	Rhizosphere	mean	host_common_nameMudplantain	-0.5761798725731255	0.11170556040684369	-5.158023203810234	2.495706971311821e-7	NA
Gemmatimonadetes	Rhizosphere	mean	host_common_nameRedstem	-0.34197774459086366	0.10589938620730295	-3.229270318162434	0.001241065259476562	NA
Gemmatimonadetes	Rhizosphere	mean	host_common_nameSedge	-0.2946824147642228	0.10484694381008255	-2.8105961323775355	0.004944981404094406	NA
Gemmatimonadetes	Rhizosphere	precision	(phi)	757.1596978082468	228.67299982261434	3.3111023093919654	9.292922593351779e-4	NA
GN02	Rhizosphere	mean	(Intercept)	-9.829718976930867	0.4114237061107028	-23.89196060152635	3.712677837209891e-126	NA
GN02	Rhizosphere	mean	host_common_nameMudplantain	0.8469184287015179	0.46409217833785843	1.8248927007017182	0.06801722294069792	NA
GN02	Rhizosphere	mean	host_common_nameRedstem	0.7019782779384667	0.4702676994475412	1.4927205903427627	0.13551034126134448	NA
GN02	Rhizosphere	mean	host_common_nameSedge	1.1551451803279318	0.4525065433574935	2.5527701141225996	0.010687000702317992	NA
GN02	Rhizosphere	precision	(phi)	18293.95394275627	5839.867308609867	3.1325975362119998	0.0017326684774381783	NA
GN04	Rhizosphere	mean	(Intercept)	-9.190494516350821	0.1969506880033589	-46.66393709776775	0	NA
GN04	Rhizosphere	mean	host_common_nameMudplantain	-0.8693663043171922	0.3051594863782751	-2.8488916226563816	0.004387182232941981	NA
GN04	Rhizosphere	mean	host_common_nameRedstem	-0.18046880541964375	0.26109176970636566	-0.6912083273348917	0.489434631483485	NA
GN04	Rhizosphere	mean	host_common_nameSedge	0.07759599411498158	0.24874533941447435	0.31194953962810335	0.7550788725016542	NA
GN04	Rhizosphere	precision	(phi)	59046.219944346674	18208.71576333375	3.2427448872174707	0.00118384161872588	NA
GOUTA4	Rhizosphere	mean	(Intercept)	-7.7729366471998835	0.17575839677922572	-44.22512260944012	0	NA
GOUTA4	Rhizosphere	mean	host_common_nameMudplantain	-0.9952700496389669	0.2838259875671029	-3.5066205817522698	4.5383575896116896e-4	NA
GOUTA4	Rhizosphere	mean	host_common_nameRedstem	-0.9551522200479353	0.2808068907062304	-3.40145577498374	6.702797291281738e-4	NA
GOUTA4	Rhizosphere	mean	host_common_nameSedge	0.29440380213988626	0.21434283598682713	1.3735182740512935	0.16959128419995542	NA
GOUTA4	Rhizosphere	precision	(phi)	18244.3007285527	5629.403814317078	3.2408939437161295	0.0011915550584982574	NA
Kazan-3B-28	Rhizosphere	mean	(Intercept)	-10.406597730737571	0.07155784542813395	-145.42916529242052	0	NA
Kazan-3B-28	Rhizosphere	mean	host_common_nameMudplantain	0.14479318158067755	0.08979501556901937	1.6124857339034016	0.10685628187171169	NA
Kazan-3B-28	Rhizosphere	mean	host_common_nameRedstem	0.34296862542649625	0.08681595056492136	3.9505254874796627	7.79797927532968e-5	NA
Kazan-3B-28	Rhizosphere	mean	host_common_nameSedge	0.30900329021580814	0.08729276214438524	3.5398500703266333	4.0035440588071116e-4	NA
Kazan-3B-28	Rhizosphere	precision	(phi)	1601425.563944967	483529.44462238025	3.311950454631827	9.264795242461731e-4	NA
KSB3	Rhizosphere	mean	(Intercept)	-10.406597730737571	0.07155784542813395	-145.42916529242052	0	NA
KSB3	Rhizosphere	mean	host_common_nameMudplantain	0.14479318158067755	0.08979501556901937	1.6124857339034016	0.10685628187171169	NA
KSB3	Rhizosphere	mean	host_common_nameRedstem	0.34296862542649625	0.08681595056492136	3.9505254874796627	7.79797927532968e-5	NA
KSB3	Rhizosphere	mean	host_common_nameSedge	0.30900329021580814	0.08729276214438524	3.5398500703266333	4.0035440588071116e-4	NA
KSB3	Rhizosphere	precision	(phi)	1601425.563944967	483529.44462238025	3.311950454631827	9.264795242461731e-4	NA
Lentisphaerae	Rhizosphere	mean	(Intercept)	-9.92339811185635	0.2943340128455613	-33.71475153659259	3.514326565324265e-249	NA
Lentisphaerae	Rhizosphere	mean	host_common_nameMudplantain	0.6584792857388626	0.34018427774699467	1.9356546695805665	0.05291000983212557	NA
Lentisphaerae	Rhizosphere	mean	host_common_nameRedstem	0.9619022661820625	0.32951032204423214	2.919187053730416	0.0035094556883352537	NA
Lentisphaerae	Rhizosphere	mean	host_common_nameSedge	0.12542614481329412	0.36528296443774777	0.3433670798372791	0.7313223222117813	NA
Lentisphaerae	Rhizosphere	precision	(phi)	49739.01732646437	15404.094658219994	3.2289477849918584	0.0012424657772972737	NA
MVS-104	Rhizosphere	mean	(Intercept)	-10.406597730737571	0.07155784542813395	-145.42916529242052	0	NA
MVS-104	Rhizosphere	mean	host_common_nameMudplantain	0.14479318158067755	0.08979501556901937	1.6124857339034016	0.10685628187171169	NA
MVS-104	Rhizosphere	mean	host_common_nameRedstem	0.34296862542649625	0.08681595056492136	3.9505254874796627	7.79797927532968e-5	NA
MVS-104	Rhizosphere	mean	host_common_nameSedge	0.30900329021580814	0.08729276214438524	3.5398500703266333	4.0035440588071116e-4	NA
MVS-104	Rhizosphere	precision	(phi)	1601425.563944967	483529.44462238025	3.311950454631827	9.264795242461731e-4	NA
NC10	Rhizosphere	mean	(Intercept)	-6.067762160067844	0.15052153587445713	-40.311588137983634	0	NA
NC10	Rhizosphere	mean	host_common_nameMudplantain	-2.0951495835041474	0.34103285336297295	-6.143541781513372	8.070143152683625e-10	NA
NC10	Rhizosphere	mean	host_common_nameRedstem	-1.5527299725947081	0.28947600042760946	-5.363933349573158	8.142896093546865e-8	NA
NC10	Rhizosphere	mean	host_common_nameSedge	-1.168718472536328	0.2579330075086764	-4.53109310756598	5.867926782057263e-6	NA
NC10	Rhizosphere	precision	(phi)	4608.182519982497	1453.6639249883438	3.1700466942656282	0.0015241444243772313	NA
Nitrospirae	Rhizosphere	mean	(Intercept)	-5.822333647996657	0.2855268048556166	-20.391548355471766	1.9875523234615863e-92	NA
Nitrospirae	Rhizosphere	mean	host_common_nameMudplantain	0.06434191232541428	0.3581635996505321	0.17964391799779222	0.8574321239441027	NA
Nitrospirae	Rhizosphere	mean	host_common_nameRedstem	0.0808118638867181	0.3572463827104126	0.2262076477124892	0.821039922752509	NA
Nitrospirae	Rhizosphere	mean	host_common_nameSedge	0.6970958163416312	0.32887217974681243	2.1196557789664716	0.03403508481101289	NA
Nitrospirae	Rhizosphere	precision	(phi)	891.6348374312273	277.09620079347917	3.217780809978575	0.0012918650045344374	NA
NKB19	Rhizosphere	mean	(Intercept)	-7.417334533404598	0.1837988755311397	-40.355712253244626	0	NA
NKB19	Rhizosphere	mean	host_common_nameMudplantain	0.03292564334103499	0.23427541007017555	0.14054246380861032	0.8882314041400278	NA
NKB19	Rhizosphere	mean	host_common_nameRedstem	0.9108346200759826	0.20697592043746427	4.400679161860195	1.0791258439155285e-5	NA
NKB19	Rhizosphere	mean	host_common_nameSedge	0.47347616314665775	0.218239672686407	2.1695237961019362	0.030042939760083737	NA
NKB19	Rhizosphere	precision	(phi)	11628.23265196323	3538.359942806551	3.2863340191275077	0.0010150057252954073	NA
OC31	Rhizosphere	mean	(Intercept)	-10.406597730737571	0.07155784542813395	-145.42916529242052	0	NA
OC31	Rhizosphere	mean	host_common_nameMudplantain	0.14479318158067755	0.08979501556901937	1.6124857339034016	0.10685628187171169	NA
OC31	Rhizosphere	mean	host_common_nameRedstem	0.34296862542649625	0.08681595056492136	3.9505254874796627	7.79797927532968e-5	NA
OC31	Rhizosphere	mean	host_common_nameSedge	0.30900329021580814	0.08729276214438524	3.5398500703266333	4.0035440588071116e-4	NA
OC31	Rhizosphere	precision	(phi)	1601425.563944967	483529.44462238025	3.311950454631827	9.264795242461731e-4	NA
OD1	Rhizosphere	mean	(Intercept)	-9.606380630376941	0.32773376929442904	-29.31153738309699	7.393029415383046e-189	NA
OD1	Rhizosphere	mean	host_common_nameMudplantain	0.4986100851338001	0.38536286639726647	1.2938716430964792	0.19570976086024736	NA
OD1	Rhizosphere	mean	host_common_nameRedstem	0.7465805816424093	0.3746784491299833	1.992590135290663	0.04630634627048584	NA
OD1	Rhizosphere	mean	host_common_nameSedge	0.45987251049207967	0.38718841394179554	1.1877228086716727	0.2349426346203059	NA
OD1	Rhizosphere	precision	(phi)	27779.574357880996	8673.493922453012	3.2028124543868315	0.0013609257793990466	NA
OP11	Rhizosphere	mean	(Intercept)	-10.123508698821183	0.2293696878897311	-44.13620994108007	0	NA
OP11	Rhizosphere	mean	host_common_nameMudplantain	0.18323687552234755	0.2839296272715101	0.6453601805602546	0.5186938016474634	NA
OP11	Rhizosphere	mean	host_common_nameRedstem	0.25993971226407075	0.28051448060850337	0.9266534536833856	0.35410649187704885	NA
OP11	Rhizosphere	mean	host_common_nameSedge	0.22871867680248295	0.28188260031763923	0.8113969310086946	0.4171377610153692	NA
OP11	Rhizosphere	precision	(phi)	107685.26649348634	33057.01089798835	3.257562119751106	0.0011237365981113256	NA
OP3	Rhizosphere	mean	(Intercept)	-7.555472843055698	0.1946105945378909	-38.82354329678922	0	NA
OP3	Rhizosphere	mean	host_common_nameMudplantain	-0.4439734527145628	0.2728559868894085	-1.6271347305804584	0.1037084862077228	NA
OP3	Rhizosphere	mean	host_common_nameRedstem	0.22090567165384542	0.23996495233121828	0.9205747318839055	0.35727249949762646	NA
OP3	Rhizosphere	mean	host_common_nameSedge	-0.10803320264837465	0.2544349431317577	-0.42460049440783876	0.6711279325386685	NA
OP3	Rhizosphere	precision	(phi)	11818.189118271073	3623.9878379740703	3.2611006566947625	0.0011098063618704967	NA
OP8	Rhizosphere	mean	(Intercept)	-9.86710868041645	0.28587115971026583	-34.51592910042725	4.627323046680009e-261	NA
OP8	Rhizosphere	mean	host_common_nameMudplantain	0.08149065853250663	0.35754321435548797	0.22791834737907904	0.8197097189335145	NA
OP8	Rhizosphere	mean	host_common_nameRedstem	0.4524049788745317	0.33898360657693166	1.334592499746324	0.18200975412925202	NA
OP8	Rhizosphere	mean	host_common_nameSedge	0.5578113736172784	0.33447023972852963	1.6677459078871173	0.09536617792608804	NA
OP8	Rhizosphere	precision	(phi)	50422.73519873042	15643.733286274306	3.2231906716903023	0.0012677113744756273	NA
PAUC34f	Rhizosphere	mean	(Intercept)	-10.20629770699491	0.1338199312352004	-76.26889068607005	0	NA
PAUC34f	Rhizosphere	mean	host_common_nameMudplantain	-0.026100391930227788	0.17304427043007767	-0.15083072016980895	0.8801092522939693	NA
PAUC34f	Rhizosphere	mean	host_common_nameRedstem	0.27903914777964556	0.16384360390214656	1.7030823366550094	0.08855266096506333	NA
PAUC34f	Rhizosphere	mean	host_common_nameSedge	0.133742277712144	0.16795508839466874	0.7962978614727654	0.42585892828177535	NA
PAUC34f	Rhizosphere	precision	(phi)	366706.8461129479	111209.2279226737	3.297449797672613	9.756711469251984e-4	NA
Planctomycetes	Rhizosphere	mean	(Intercept)	-3.7503885365391496	0.14175081377652388	-26.457615562276736	2.9821210646887612e-154	NA
Planctomycetes	Rhizosphere	mean	host_common_nameMudplantain	0.4649821595004282	0.16936740913208845	2.7454051631491385	0.00604362324343692	NA
Planctomycetes	Rhizosphere	mean	host_common_nameRedstem	0.58302703089157	0.16677851467110957	3.4958161849642955	4.726141493951961e-4	NA
Planctomycetes	Rhizosphere	mean	host_common_nameSedge	0.28731785029531876	0.17377259600075043	1.65341289079941	0.09824686111258576	NA
Planctomycetes	Rhizosphere	precision	(phi)	536.4676669030697	162.33924531418387	3.3046086044370537	9.510911868385633e-4	NA
SBR1093	Rhizosphere	mean	(Intercept)	-10.406597730737571	0.07155784542813395	-145.42916529242052	0	NA
SBR1093	Rhizosphere	mean	host_common_nameMudplantain	0.14479318158067755	0.08979501556901937	1.6124857339034016	0.10685628187171169	NA
SBR1093	Rhizosphere	mean	host_common_nameRedstem	0.34296862542649625	0.08681595056492136	3.9505254874796627	7.79797927532968e-5	NA
SBR1093	Rhizosphere	mean	host_common_nameSedge	0.30900329021580814	0.08729276214438524	3.5398500703266333	4.0035440588071116e-4	NA
SBR1093	Rhizosphere	precision	(phi)	1601425.563944967	483529.44462238025	3.311950454631827	9.264795242461731e-4	NA
Spirochaetes	Rhizosphere	mean	(Intercept)	-6.179519410983331	0.22384396981028576	-27.606369812957894	9.330818530544634e-168	NA
Spirochaetes	Rhizosphere	mean	host_common_nameMudplantain	0.8662623384895923	0.25333671914825895	3.4194108986729006	6.275688158276187e-4	NA
Spirochaetes	Rhizosphere	mean	host_common_nameRedstem	0.9674361747471698	0.2507626072059151	3.8579762171349348	1.143297696895752e-4	NA
Spirochaetes	Rhizosphere	mean	host_common_nameSedge	1.0774142313553874	0.24820159478983106	4.340883596125586	1.4191089149611725e-5	NA
Spirochaetes	Rhizosphere	precision	(phi)	2210.0219445240396	672.6109264308666	3.285736014208496	0.0010171628899676068	NA
SR1	Rhizosphere	mean	(Intercept)	-9.977395854107886	0.2625161960642901	-38.00678207170283	0	NA
SR1	Rhizosphere	mean	host_common_nameMudplantain	0.1467252273024172	0.32589923593003456	0.4502165428025636	0.6525543091465373	NA
SR1	Rhizosphere	mean	host_common_nameRedstem	0.6368843098482345	0.3044549532748216	2.0918835545215773	0.036448933558002945	NA
SR1	Rhizosphere	mean	host_common_nameSedge	0.13145341349306072	0.32668642762033073	0.4023840673474001	0.687401393808613	NA
SR1	Rhizosphere	precision	(phi)	68676.4775995047	21211.66608244976	3.237674840465581	0.0012050807258539554	NA
Tenericutes	Rhizosphere	mean	(Intercept)	-10.349451174008536	0.17687676375700764	-58.512214686529184	0	NA
Tenericutes	Rhizosphere	mean	host_common_nameMudplantain	0.13736740145136853	0.22139951630172638	0.6204503232254686	0.5349613499665984	NA
Tenericutes	Rhizosphere	mean	host_common_nameRedstem	0.3268701991989232	0.21463008800467212	1.5229467696617065	0.12777202338223934	NA
Tenericutes	Rhizosphere	mean	host_common_nameSedge	0.4692575998759881	0.21015508222907434	2.232911024081185	0.025554812459768664	NA
Tenericutes	Rhizosphere	precision	(phi)	236460.16180391487	71954.5506986791	3.2862433231517025	0.0010153326174462676	NA
TM6	Rhizosphere	mean	(Intercept)	-8.757973000722195	0.21459108845870162	-40.81237978532217	0	NA
TM6	Rhizosphere	mean	host_common_nameMudplantain	-0.7168603327111059	0.3183367460355595	-2.2518931340431236	0.024329026133258644	NA
TM6	Rhizosphere	mean	host_common_nameRedstem	-0.6872768702782437	0.3161747624250913	-2.173724635726024	0.029725821359714452	NA
TM6	Rhizosphere	mean	host_common_nameSedge	-0.4667314009618879	0.3009756186210564	-1.550728271945265	0.120966816263755	NA
TM6	Rhizosphere	precision	(phi)	31844.892047388825	9937.792746637275	3.204423040334024	0.0013533346555734097	NA
TM7	Rhizosphere	mean	(Intercept)	-8.787850567711912	0.36208874613952974	-24.269880413034272	4.0787739626640306e-130	NA
TM7	Rhizosphere	mean	host_common_nameMudplantain	0.4920102444076452	0.42480714726921104	1.1581967195477665	0.2467837667441434	NA
TM7	Rhizosphere	mean	host_common_nameRedstem	0.6206066192924253	0.41879388315119004	1.4818903624444253	0.13836946983820478	NA
TM7	Rhizosphere	mean	host_common_nameSedge	0.6294875518672821	0.4183944588912402	1.5045312825973984	0.13244462484145017	NA
TM7	Rhizosphere	precision	(phi)	9421.19688486742	2976.193088863569	3.1655193744384427	0.0015480635190615998	NA
TPD-58	Rhizosphere	mean	(Intercept)	-10.406597730737571	0.07155784542813395	-145.42916529242052	0	NA
TPD-58	Rhizosphere	mean	host_common_nameMudplantain	0.14479318158067755	0.08979501556901937	1.6124857339034016	0.10685628187171169	NA
TPD-58	Rhizosphere	mean	host_common_nameRedstem	0.34296862542649625	0.08681595056492136	3.9505254874796627	7.79797927532968e-5	NA
TPD-58	Rhizosphere	mean	host_common_nameSedge	0.30900329021580814	0.08729276214438524	3.5398500703266333	4.0035440588071116e-4	NA
TPD-58	Rhizosphere	precision	(phi)	1601425.563944967	483529.44462238025	3.311950454631827	9.264795242461731e-4	NA
unclassified	Rhizosphere	mean	(Intercept)	-9.214177570582068	0.2717506616999275	-33.90673462556844	5.300727139912314e-252	NA
unclassified	Rhizosphere	mean	host_common_nameMudplantain	-0.1759923484144454	0.35545297562658296	-0.4951213254136101	0.6205144813689953	NA
unclassified	Rhizosphere	mean	host_common_nameRedstem	-0.17839250141717328	0.3556031350755054	-0.5016617791609039	0.6159054543249439	NA
unclassified	Rhizosphere	mean	host_common_nameSedge	0.09482768329188165	0.3396726699539746	0.2791737212909438	0.7801115095782123	NA
unclassified	Rhizosphere	precision	(phi)	29587.024557897737	9257.535234014811	3.1959937294309846	0.0013935014023007412	NA
Verrucomicrobia	Rhizosphere	mean	(Intercept)	-3.732368864495851	0.17824828639146492	-20.939157060387696	2.3559042134246717e-97	NA
Verrucomicrobia	Rhizosphere	mean	host_common_nameMudplantain	1.0594898733163904	0.1995499640017147	5.3093964642724085	1.0998884326553721e-7	NA
Verrucomicrobia	Rhizosphere	mean	host_common_nameRedstem	1.093802934709643	0.19897066858432652	5.497307429743466	3.8563406614958205e-8	NA
Verrucomicrobia	Rhizosphere	mean	host_common_nameSedge	0.9375072953585873	0.20175823509603244	4.646686639146871	3.3730895502462045e-6	NA
Verrucomicrobia	Rhizosphere	precision	(phi)	326.7726285737541	98.84904320663013	3.305774319845277	9.471434037797983e-4	NA
WPS-2	Rhizosphere	mean	(Intercept)	-7.085057184784346	0.1738407579531779	-40.75601871623586	0	NA
WPS-2	Rhizosphere	mean	host_common_nameMudplantain	-0.14170892306199	0.22929005224236576	-0.6180334544657867	0.5365532862127704	NA
WPS-2	Rhizosphere	mean	host_common_nameRedstem	-0.18131035065671328	0.23113695936566997	-0.7844282072166202	0.43278889258182013	NA
WPS-2	Rhizosphere	mean	host_common_nameSedge	-0.468973907331393	0.24610063323754744	-1.9056184503138527	0.056699726580938775	NA
WPS-2	Rhizosphere	precision	(phi)	9391.366370641506	2873.1213693315453	3.26869810335457	0.0010804351383825587	NA
WS1	Rhizosphere	mean	(Intercept)	-9.679565308337398	0.2604399393368698	-37.16620934939331	2.399416053067609e-302	NA
WS1	Rhizosphere	mean	host_common_nameMudplantain	-0.20702169633005074	0.34341575001070573	-0.6028311058057092	0.546621051403848	NA
WS1	Rhizosphere	mean	host_common_nameRedstem	0.2190318470930723	0.31973041399059804	0.6850516482286015	0.4933113300320129	NA
WS1	Rhizosphere	mean	host_common_nameSedge	0.12975568154174147	0.3242081713623812	0.40022335339817217	0.6889920153546552	NA
WS1	Rhizosphere	precision	(phi)	51946.11907319647	16130.852604919746	3.220295935092323	0.001280583270943467	NA
WS2	Rhizosphere	mean	(Intercept)	-8.772051478442414	0.41934677850722046	-20.918370971320993	3.6434843408473674e-97	NA
WS2	Rhizosphere	mean	host_common_nameMudplantain	0.7012836347205808	0.47766538219810234	1.4681483332399774	0.14206393508915371	NA
WS2	Rhizosphere	mean	host_common_nameRedstem	0.58826150791343	0.4827115493295544	1.2186605204090841	0.2229730682503154	NA
WS2	Rhizosphere	mean	host_common_nameSedge	-0.03890005386728806	0.5142006471295173	-0.07565150702249093	0.9396963571611899	NA
WS2	Rhizosphere	precision	(phi)	6041.571462370889	1999.582420694815	3.021416571701787	0.002515949622614878	NA
WS3	Rhizosphere	mean	(Intercept)	-5.216878317687037	0.1503406264534128	-34.70038964686389	7.77235100277224e-264	NA
WS3	Rhizosphere	mean	host_common_nameMudplantain	-1.059737298643112	0.249341923583876	-4.25013685388782	2.1363994385626235e-5	NA
WS3	Rhizosphere	mean	host_common_nameRedstem	-0.32953087092768607	0.2067920349336151	-1.593537541392602	0.11103965344524479	NA
WS3	Rhizosphere	mean	host_common_nameSedge	-0.2777134304786095	0.20444883821721468	-1.3583517172328248	0.17435210710960772	NA
WS3	Rhizosphere	precision	(phi)	1984.2686366940443	606.9015844347133	3.2695064366033133	0.0010773528617345905	NA
WS4	Rhizosphere	mean	(Intercept)	-8.800972254271024	0.1827491068078533	-48.158770283482546	0	NA
WS4	Rhizosphere	mean	host_common_nameMudplantain	-0.4421581465108172	0.25672170532407756	-1.7223247483209507	0.08501070698813261	NA
WS4	Rhizosphere	mean	host_common_nameRedstem	-0.5456572661589747	0.26292087097930417	-2.075366874172291	0.03795254585615258	NA
WS4	Rhizosphere	mean	host_common_nameSedge	-0.12525456353367406	0.240028522724575	-0.5218319977638642	0.6017873088067467	NA
WS4	Rhizosphere	precision	(phi)	46925.5208184358	14409.568995645655	3.256552699988178	0.0011277399361480486	NA
WS5	Rhizosphere	mean	(Intercept)	-10.38781370462749	0.11873396816510075	-87.48813726315568	0	NA
WS5	Rhizosphere	mean	host_common_nameMudplantain	0.14229637416857951	0.14887669390146432	0.9558002024330278	0.3391731860516172	NA
WS5	Rhizosphere	mean	host_common_nameRedstem	0.4508740668446783	0.14160420284922542	3.1840443840833683	0.001452327419230414	NA
WS5	Rhizosphere	mean	host_common_nameSedge	0.3040691728256553	0.14483927920812947	2.0993557444366835	0.03578555282954307	NA
WS5	Rhizosphere	precision	(phi)	562217.9470121388	170181.03591206943	3.30364628466964	9.543616340553062e-4	NA
WWE1	Rhizosphere	mean	(Intercept)	-9.3197891929096	0.32860606664852915	-28.36158591946469	6.023793430079834e-177	NA
WWE1	Rhizosphere	mean	host_common_nameMudplantain	0.4345734200908988	0.38923387944441384	1.116484055065304	0.2642149916449303	NA
WWE1	Rhizosphere	mean	host_common_nameRedstem	0.5944308587134541	0.3818630905729349	1.5566596337488117	0.11955131728569848	NA
WWE1	Rhizosphere	mean	host_common_nameSedge	-0.059469286557371485	0.41650379058482057	-0.14278210163194333	0.8864622730646862	NA
WWE1	Rhizosphere	precision	(phi)	20744.347015468957	6540.97428209912	3.1714460447032535	0.0015168204249320447	NA
ZB3	Rhizosphere	mean	(Intercept)	-10.12014168064646	0.23214514092255298	-43.59402760027051	0	NA
ZB3	Rhizosphere	mean	host_common_nameMudplantain	-0.023986952986775834	0.297554588316077	-0.08061362159636981	0.9357492329966456	NA
ZB3	Rhizosphere	mean	host_common_nameRedstem	0.5345943194755517	0.27296304698005813	1.958486049265883	0.05017300645050718	NA
ZB3	Rhizosphere	mean	host_common_nameSedge	0.3335520441065499	0.28072345903220525	1.1881872831592748	0.2347596326923966	NA
ZB3	Rhizosphere	precision	(phi)	104501.59870534742	32083.315664169455	3.25719448074547	0.0011251931231667798	NA
Alphaproteobacteria	Rhizosphere	mean	(Intercept)	-2.5600311076124687	0.08182490400879912	-31.28669857452168	7.078328200781509e-215	NA
Alphaproteobacteria	Rhizosphere	mean	host_common_nameMudplantain	0.37494651191088085	0.09980869498204281	3.756651782475863	1.7220184519996546e-4	NA
Alphaproteobacteria	Rhizosphere	mean	host_common_nameRedstem	-0.020760429225721612	0.10591303118703839	-0.1960139275879989	0.8445992648182328	NA
Alphaproteobacteria	Rhizosphere	mean	host_common_nameSedge	-0.18841609739025206	0.10917187445595139	-1.7258666513624266	0.08437140551547335	NA
Alphaproteobacteria	Rhizosphere	precision	(phi)	555.0561630007907	167.47967942979574	3.314170201964469	9.191553898237956e-4	NA
Betaproteobacteria	Rhizosphere	mean	(Intercept)	-1.446167677495547	0.08634571262538403	-16.748575389838184	5.799860464599812e-63	NA
Betaproteobacteria	Rhizosphere	mean	host_common_nameMudplantain	0.2175623155441973	0.10876111657483208	2.0003685360705687	0.045460483322346534	NA
Betaproteobacteria	Rhizosphere	mean	host_common_nameRedstem	0.07152103759753703	0.11047548351386706	0.647392845205874	0.5173777253414207	NA
Betaproteobacteria	Rhizosphere	mean	host_common_nameSedge	0.4410543700650016	0.1066146822300357	4.1369008549250905	3.5202812064580456e-5	NA
Betaproteobacteria	Rhizosphere	precision	(phi)	215.333908569035	64.82208906298365	3.321921765893849	8.939975635875354e-4	NA
Deltaproteobacteria	Rhizosphere	mean	(Intercept)	-2.179853649404836	0.055778767715060316	-39.08034792988576	0	NA
Deltaproteobacteria	Rhizosphere	mean	host_common_nameMudplantain	-0.18335980125273454	0.07424606079587506	-2.469623294316533	0.013525539991827864	NA
Deltaproteobacteria	Rhizosphere	mean	host_common_nameRedstem	-0.029412643534468083	0.07232360544220943	-0.4066811016213844	0.684242222405631	NA
Deltaproteobacteria	Rhizosphere	mean	host_common_nameSedge	0.010826106517126245	0.07186117607333023	0.15065306621309427	0.8802493982863007	NA
Deltaproteobacteria	Rhizosphere	precision	(phi)	876.6558937092722	264.36087555942055	3.3161332661429537	9.127229325083558e-4	NA
Epsilonproteobacteria	Rhizosphere	mean	(Intercept)	-4.401403495528851	0.2727235158802902	-16.138701795927314	1.3637970584403403e-58	NA
Epsilonproteobacteria	Rhizosphere	mean	host_common_nameMudplantain	-1.6188982157397167	0.46633042277984826	-3.471568949092538	5.174264370623916e-4	NA
Epsilonproteobacteria	Rhizosphere	mean	host_common_nameRedstem	-1.444152881435695	0.45243333567704846	-3.1919683355661177	0.0014130682263498702	NA
Epsilonproteobacteria	Rhizosphere	mean	host_common_nameSedge	-1.138230305410012	0.4272321089680059	-2.6641965374733823	0.007717246022418826	NA
Epsilonproteobacteria	Rhizosphere	precision	(phi)	247.05559441085504	85.79214834393251	2.8796993568739278	0.003980545499803327	NA
Gammaproteobacteria	Rhizosphere	mean	(Intercept)	-3.737222263851357	0.1509936704954255	-24.750853804594275	3.0353551096821154e-135	NA
Gammaproteobacteria	Rhizosphere	mean	host_common_nameMudplantain	0.7902370931803322	0.1734477724257458	4.556052131016201	5.2124005176979775e-6	NA
Gammaproteobacteria	Rhizosphere	mean	host_common_nameRedstem	0.7579190429195914	0.17405537362104528	4.354470805191793	1.3338875525741338e-5	NA
Gammaproteobacteria	Rhizosphere	mean	host_common_nameSedge	0.5735544357657856	0.17786291819744007	3.224699344745377	0.0012610502747011515	NA
Gammaproteobacteria	Rhizosphere	precision	(phi)	464.7453332745426	140.56935365254031	3.306163976703637	9.458271900781772e-4	NA
TA18	Rhizosphere	mean	(Intercept)	-10.153809915314119	0.20158719772310868	-50.36931923256826	0	NA
TA18	Rhizosphere	mean	host_common_nameMudplantain	-0.02478150200978496	0.25928267234193436	-0.09557716212174737	0.9238564041331345	NA
TA18	Rhizosphere	mean	host_common_nameRedstem	1.1696274722947282	0.2215364830366435	5.279615602190744	1.294551829712933e-7	NA
TA18	Rhizosphere	mean	host_common_nameSedge	0.2979486744589723	0.24546847092678117	1.213796107231405	0.2248255932093916	NA
TA18	Rhizosphere	precision	(phi)	147093.23985446917	44878.10161613572	3.2776172466613973	0.0010468724347247314	NA
Zetaproteobacteria	Rhizosphere	mean	(Intercept)	-9.838014667030958	0.23813381514650694	-41.31296792510682	0	NA
Zetaproteobacteria	Rhizosphere	mean	host_common_nameMudplantain	-0.06197932413326927	0.30705269847314504	-0.2018524000650983	0.840032115257086	NA
Zetaproteobacteria	Rhizosphere	mean	host_common_nameRedstem	0.07173639006648454	0.2999984831949113	0.23912250922907788	0.811010588157606	NA
Zetaproteobacteria	Rhizosphere	mean	host_common_nameSedge	0.35343350693171116	0.28701810887192325	1.2313979362515577	0.21817406846389373	NA
Zetaproteobacteria	Rhizosphere	precision	(phi)	74485.97029605374	22954.80561664293	3.2448965824415064	0.0011749328566871156	NA
[Parvarchaeota]	Endosphere	mean	(Intercept)	-10.093807249283559	0.2994492342495454	-33.70790803516267	4.427141423900993e-249	NA
[Parvarchaeota]	Endosphere	mean	host_common_nameMudplantain	0.134988583249386	0.37036983541782403	0.364469701203128	0.7155072950987937	NA
[Parvarchaeota]	Endosphere	mean	host_common_nameRedstem	0.1493599316701794	0.36958052048692575	0.404133668823769	0.6861144275419802	NA
[Parvarchaeota]	Endosphere	mean	host_common_nameSedge	0.37956940219982677	0.3693223247883486	1.0277456214361007	0.30406950163988095	NA
[Parvarchaeota]	Endosphere	precision	(phi)	56762.94999469433	18168.430618327275	3.124262694293205	0.0017825123921983517	NA
[Thermi]	Endosphere	mean	(Intercept)	-10.24730199719998	0.18515096014403204	-55.34565950524065	0	NA
[Thermi]	Endosphere	mean	host_common_nameMudplantain	0.26334576331575477	0.22677997867191987	1.1612390337893725	0.2455447049282778	NA
[Thermi]	Endosphere	mean	host_common_nameRedstem	0.1073829285947542	0.23277626007726218	0.46131391817667355	0.6445734007683103	NA
[Thermi]	Endosphere	mean	host_common_nameSedge	0.2966331196411814	0.23303102807081055	1.2729340040977042	0.20304146158700215	NA
[Thermi]	Endosphere	precision	(phi)	193904.93042851303	60500.44222756325	3.205016745153184	0.0013505462324524295	NA
AC1	Endosphere	mean	(Intercept)	-10.412538028785033	0.19405887509007935	-53.65659274254621	0	NA
AC1	Endosphere	mean	host_common_nameMudplantain	0.3158871958774116	0.23564053816297556	1.3405469124286893	0.18006760331571955	NA
AC1	Endosphere	mean	host_common_nameRedstem	0.05300067642952697	0.2461679895616161	0.2153028772096335	0.8295311865414534	NA
AC1	Endosphere	mean	host_common_nameSedge	0.32727485584723687	0.2428532461567554	1.347623970552115	0.17777935683433901	NA
AC1	Endosphere	precision	(phi)	206926.94213702186	64641.961658459615	3.201124112389024	0.0013689255395680255	NA
Acidobacteria	Endosphere	mean	(Intercept)	-3.285749088915631	0.18270777325127224	-17.98363052893674	2.6177663530465914e-72	NA
Acidobacteria	Endosphere	mean	host_common_nameMudplantain	-0.027334504883861663	0.23558078909740823	-0.116030279839836	0.907628544023248	NA
Acidobacteria	Endosphere	mean	host_common_nameRedstem	0.05369594480112786	0.23233939672632092	0.23110994328860127	0.8172293905834245	NA
Acidobacteria	Endosphere	mean	host_common_nameSedge	0.05546814775655862	0.24112747275414184	0.23003661558347188	0.8180633174341078	NA
Acidobacteria	Endosphere	precision	(phi)	204.0432347316529	63.4967710921029	3.2134426872775235	0.0013115397033951629	NA
Actinobacteria	Endosphere	mean	(Intercept)	-2.097464389250054	0.2897326294008134	-7.239310234362459	4.509723895817478e-13	NA
Actinobacteria	Endosphere	mean	host_common_nameMudplantain	-0.195803493425728	0.37925844944066656	-0.5162798448248169	0.6056589711223856	NA
Actinobacteria	Endosphere	mean	host_common_nameRedstem	0.3987748513220902	0.3535454023591702	1.127931090776768	0.2593490222653468	NA
Actinobacteria	Endosphere	mean	host_common_nameSedge	1.0025137836172549	0.34671757033813244	2.89144211134026	0.003834782327270723	NA
Actinobacteria	Endosphere	precision	(phi)	26.730343642594555	8.25702520633955	3.2372849754741724	0.0012067284106249624	NA
AD3	Endosphere	mean	(Intercept)	-10.414506450581122	0.19193417530675694	-54.26082371175554	0	NA
AD3	Endosphere	mean	host_common_nameMudplantain	0.42579384047083285	0.22929631076737356	1.8569589673983486	0.06331699208795402	NA
AD3	Endosphere	mean	host_common_nameRedstem	0.05309935689869768	0.24351157529969555	0.2180568083194691	0.8273848495709887	NA
AD3	Endosphere	mean	host_common_nameSedge	0.32781241287168655	0.2401931751217533	1.3647865419386678	0.17232014989611627	NA
AD3	Endosphere	precision	(phi)	212271.36499187318	66269.91716474586	3.203133096789155	0.0013594113815854866	NA
Armatimonadetes	Endosphere	mean	(Intercept)	-6.820751544706972	0.2895900689431857	-23.553126561274198	1.1660843775544817e-122	NA
Armatimonadetes	Endosphere	mean	host_common_nameMudplantain	0.9747565087700824	0.3237807079630054	3.010545362330409	0.0026077899180630888	NA
Armatimonadetes	Endosphere	mean	host_common_nameRedstem	0.460603707736208	0.3428478631934812	1.3434638426673613	0.17912182635647975	NA
Armatimonadetes	Endosphere	mean	host_common_nameSedge	0.8465042180234321	0.33569009443224124	2.5216836363764026	0.011679469591586347	NA
Armatimonadetes	Endosphere	precision	(phi)	2333.016756623624	735.666779263227	3.171295513656535	0.0015176067238153242	NA
Bacteroidetes	Endosphere	mean	(Intercept)	-3.4931153222743783	0.2540279582626537	-13.75090893996263	5.029366282236016e-43	NA
Bacteroidetes	Endosphere	mean	host_common_nameMudplantain	0.5196079403925647	0.30097058989094216	1.7264409143127462	0.08426812046701933	NA
Bacteroidetes	Endosphere	mean	host_common_nameRedstem	-0.0023080479620699104	0.32384574831446944	-0.007126997881190917	0.994313526565646	NA
Bacteroidetes	Endosphere	mean	host_common_nameSedge	0.26890775173106	0.3215847952747269	0.8361954784004468	0.403044941719238	NA
Bacteroidetes	Endosphere	precision	(phi)	120.85918580130812	37.90451081237472	3.1885172295074473	0.0014300448743282312	NA
BHI80-139	Endosphere	mean	(Intercept)	-10.412538028785033	0.19405887509007935	-53.65659274254621	0	NA
BHI80-139	Endosphere	mean	host_common_nameMudplantain	0.3158871958774116	0.23564053816297556	1.3405469124286893	0.18006760331571955	NA
BHI80-139	Endosphere	mean	host_common_nameRedstem	0.05300067642952697	0.2461679895616161	0.2153028772096335	0.8295311865414534	NA
BHI80-139	Endosphere	mean	host_common_nameSedge	0.32727485584723687	0.2428532461567554	1.347623970552115	0.17777935683433901	NA
BHI80-139	Endosphere	precision	(phi)	206926.94213702186	64641.961658459615	3.201124112389024	0.0013689255395680255	NA
BRC1	Endosphere	mean	(Intercept)	-8.115589116701631	0.19250136649694297	-42.15860523166994	0	NA
BRC1	Endosphere	mean	host_common_nameMudplantain	-0.9861990314272164	0.30777877898780864	-3.2042463573041875	0.0013541654985689759	NA
BRC1	Endosphere	mean	host_common_nameRedstem	-0.8182507771271209	0.29494572400668717	-2.77424187071303	0.005533052410067556	NA
BRC1	Endosphere	mean	host_common_nameSedge	-0.8709165061271154	0.3157515727570723	-2.758233311468465	0.005811470326811646	NA
BRC1	Endosphere	precision	(phi)	21199.575394512703	6771.878573275366	3.1305309398451113	0.0017449061754911354	NA
Caldiserica	Endosphere	mean	(Intercept)	-10.412538028785033	0.19405887509007935	-53.65659274254621	0	NA
Caldiserica	Endosphere	mean	host_common_nameMudplantain	0.3158871958774116	0.23564053816297556	1.3405469124286893	0.18006760331571955	NA
Caldiserica	Endosphere	mean	host_common_nameRedstem	0.05300067642952697	0.2461679895616161	0.2153028772096335	0.8295311865414534	NA
Caldiserica	Endosphere	mean	host_common_nameSedge	0.32727485584723687	0.2428532461567554	1.347623970552115	0.17777935683433901	NA
Caldiserica	Endosphere	precision	(phi)	206926.94213702186	64641.961658459615	3.201124112389024	0.0013689255395680255	NA
Chlamydiae	Endosphere	mean	(Intercept)	-10.412538028785033	0.19405887509007935	-53.65659274254621	0	NA
Chlamydiae	Endosphere	mean	host_common_nameMudplantain	0.3158871958774116	0.23564053816297556	1.3405469124286893	0.18006760331571955	NA
Chlamydiae	Endosphere	mean	host_common_nameRedstem	0.05300067642952697	0.2461679895616161	0.2153028772096335	0.8295311865414534	NA
Chlamydiae	Endosphere	mean	host_common_nameSedge	0.32727485584723687	0.2428532461567554	1.347623970552115	0.17777935683433901	NA
Chlamydiae	Endosphere	precision	(phi)	206926.94213702186	64641.961658459615	3.201124112389024	0.0013689255395680255	NA
Chlorobi	Endosphere	mean	(Intercept)	-5.492880017918644	0.09893219719089816	-55.521662046175535	0	NA
Chlorobi	Endosphere	mean	host_common_nameMudplantain	-1.8122679236413728	0.2152491897929453	-8.419394866873358	3.7843388474321626e-17	NA
Chlorobi	Endosphere	mean	host_common_nameRedstem	-1.2579124448387118	0.17775372096046602	-7.076715120458617	1.4761154017935468e-12	NA
Chlorobi	Endosphere	mean	host_common_nameSedge	-2.4176611631259926	0.2894177235016221	-8.353535277228598	6.624961407439311e-17	NA
Chlorobi	Endosphere	precision	(phi)	6158.3238149855215	1941.6758837255552	3.17165386180177	0.0015157355090352936	NA
Chloroflexi	Endosphere	mean	(Intercept)	-3.2848294070743025	0.15540619793244845	-21.137055347703335	3.630334946799492e-99	NA
Chloroflexi	Endosphere	mean	host_common_nameMudplantain	-0.4352934145400962	0.21780389120854868	-1.9985566471046188	0.0456563450496852	NA
Chloroflexi	Endosphere	mean	host_common_nameRedstem	-0.3471660617845237	0.21369399495880043	-1.624594373143037	0.10424901688477296	NA
Chloroflexi	Endosphere	mean	host_common_nameSedge	0.173103627162301	0.20101767651467276	0.8611363446421377	0.3891629539758714	NA
Chloroflexi	Endosphere	precision	(phi)	286.2562229022649	89.05298953326256	3.2144482111444908	0.0013069548858526342	NA
Crenarchaeota	Endosphere	mean	(Intercept)	-7.323508757112144	0.14133635462291014	-51.816171265004655	0	NA
Crenarchaeota	Endosphere	mean	host_common_nameMudplantain	-1.175679356694095	0.24386934003940547	-4.820939592095192	1.428836238717873e-6	NA
Crenarchaeota	Endosphere	mean	host_common_nameRedstem	-1.647213221420163	0.2822699453541616	-5.835595494778656	5.359878736724231e-9	NA
Crenarchaeota	Endosphere	mean	host_common_nameSedge	-1.88850273441836	0.32648637137521647	-5.784323328608369	7.280479221891797e-9	NA
Crenarchaeota	Endosphere	precision	(phi)	18375.0258260705	5873.237187156246	3.128602717808418	0.0017563960868188769	NA
Cyanobacteria	Endosphere	mean	(Intercept)	-6.344495558180863	0.4468478339761071	-14.198335710227706	9.38140244763354e-46	NA
Cyanobacteria	Endosphere	mean	host_common_nameMudplantain	0.28972369757940686	0.5244454570799614	0.552438187171165	0.5806481734101983	NA
Cyanobacteria	Endosphere	mean	host_common_nameRedstem	0.3943659736364091	0.5196016272727992	0.7589775569146949	0.4478659823325376	NA
Cyanobacteria	Endosphere	mean	host_common_nameSedge	0.9121730627528014	0.5110820846413621	1.7847877868638147	0.07429574510468591	NA
Cyanobacteria	Endosphere	precision	(phi)	436.47671352676275	149.74375467438446	2.9148241572803806	0.003558890021727069	NA
Elusimicrobia	Endosphere	mean	(Intercept)	-9.476733770594832	0.319145293406076	-29.694104742872607	9.149589287175475e-194	NA
Elusimicrobia	Endosphere	mean	host_common_nameMudplantain	0.6098063997021554	0.37007992325661715	1.6477694718913718	0.09939998580667855	NA
Elusimicrobia	Endosphere	mean	host_common_nameRedstem	0.33505388071974296	0.3828595902386689	0.8751351389967152	0.38150037957337457	NA
Elusimicrobia	Endosphere	mean	host_common_nameSedge	0.013737181081852746	0.41619896833736453	0.03300628335704474	0.9736695769785387	NA
Elusimicrobia	Endosphere	precision	(phi)	26195.38425061894	8414.727119983203	3.113040253962654	0.0018517075981835454	NA
Euryarchaeota	Endosphere	mean	(Intercept)	-3.088493215732565	0.3434456921816881	-8.992668378261982	2.4129945146867027e-19	NA
Euryarchaeota	Endosphere	mean	host_common_nameMudplantain	-2.195617741809009	0.5745921669364594	-3.8211759020582132	1.3281687442980985e-4	NA
Euryarchaeota	Endosphere	mean	host_common_nameRedstem	-1.970277029841281	0.5626685753114351	-3.501665307593799	4.623600433209683e-4	NA
Euryarchaeota	Endosphere	mean	host_common_nameSedge	-2.2878827714867818	0.6059421945615879	-3.7757442739931877	1.5953059691202037e-4	NA
Euryarchaeota	Endosphere	precision	(phi)	43.04007348034487	19.26549644835823	2.2340495401047744	0.0254798136129834	NA
FBP	Endosphere	mean	(Intercept)	-10.213702486834203	0.32429468829717495	-31.495127288284905	1.0128963859237062e-217	NA
FBP	Endosphere	mean	host_common_nameMudplantain	0.3638637307794323	0.3874202840887109	0.93919638625869	0.3476299240751888	NA
FBP	Endosphere	mean	host_common_nameRedstem	0.2276895297374589	0.3944997852612231	0.5771600853640297	0.5638313178499859	NA
FBP	Endosphere	mean	host_common_nameSedge	0.8746625165910448	0.37431682823992934	2.3366903398486913	0.01945529120138953	NA
FBP	Endosphere	precision	(phi)	52555.24352367575	16844.202080546096	3.120079138944401	0.0018080245760575436	NA
FCPU426	Endosphere	mean	(Intercept)	-6.896594886017198	0.17926510054233835	-38.47148644746041	0	NA
FCPU426	Endosphere	mean	host_common_nameMudplantain	-1.8804211944866613	0.3690665398973737	-5.095073628212273	3.4860574538359514e-7	NA
FCPU426	Endosphere	mean	host_common_nameRedstem	-1.9371992126625255	0.37468688032721814	-5.17018159528497	2.3386662436595127e-7	NA
FCPU426	Endosphere	mean	host_common_nameSedge	-2.0027783647979858	0.4069307062737988	-4.921669301235869	8.58091242586841e-7	NA
FCPU426	Endosphere	precision	(phi)	7313.445670353553	2474.3945208721548	2.9556506081236265	0.003120103216514109	NA
Fibrobacteres	Endosphere	mean	(Intercept)	-7.261821605061967	0.4688099032721692	-15.489906579140866	4.058798247149073e-54	NA
Fibrobacteres	Endosphere	mean	host_common_nameMudplantain	0.7709689625815884	0.5251131100028761	1.4681959903407586	0.14205099311890687	NA
Fibrobacteres	Endosphere	mean	host_common_nameRedstem	0.011475244498829024	0.5569533084008016	0.0206036023590169	0.9835618668100657	NA
Fibrobacteres	Endosphere	mean	host_common_nameSedge	1.1028503528287519	0.5258340064695086	2.0973355455524394	0.03596388238010601	NA
Fibrobacteres	Endosphere	precision	(phi)	915.9356138644343	320.7747689992515	2.8553854678843886	0.004298462337710644	NA
Firmicutes	Endosphere	mean	(Intercept)	-2.6907059175609715	0.184800595372195	-14.56005004822519	5.04208764279652e-48	NA
Firmicutes	Endosphere	mean	host_common_nameMudplantain	-2.6081778017177037	0.43977685819366863	-5.930684512210318	3.0167436546608137e-9	NA
Firmicutes	Endosphere	mean	host_common_nameRedstem	-2.1359069681199307	0.39430837234673755	-5.4168440690417485	6.066019879470756e-8	NA
Firmicutes	Endosphere	mean	host_common_nameSedge	-2.5148851011491793	0.45934477257646483	-5.474940069619577	4.376597039179673e-8	NA
Firmicutes	Endosphere	precision	(phi)	117.06623465483344	41.539789961327486	2.8181710779909865	0.004829806819324113	NA
Fusobacteria	Endosphere	mean	(Intercept)	-10.168301259921442	0.3424930933962644	-29.689069519882906	1.0626830213477967e-193	NA
Fusobacteria	Endosphere	mean	host_common_nameMudplantain	0.5730672474860775	0.3980713927803617	1.439609220555748	0.14997798947195903	NA
Fusobacteria	Endosphere	mean	host_common_nameRedstem	0.04263911111974149	0.42581671516317854	0.10013489278691566	0.920237234097756	NA
Fusobacteria	Endosphere	mean	host_common_nameSedge	0.2687667945516958	0.4274033721383473	0.6288363922049215	0.5294561721393172	NA
Fusobacteria	Endosphere	precision	(phi)	43718.772965114505	14199.326716548117	3.0789328140582866	0.002077435258775498	NA
GAL15	Endosphere	mean	(Intercept)	-10.412538028785033	0.19405887509007935	-53.65659274254621	0	NA
GAL15	Endosphere	mean	host_common_nameMudplantain	0.3158871958774116	0.23564053816297556	1.3405469124286893	0.18006760331571955	NA
GAL15	Endosphere	mean	host_common_nameRedstem	0.05300067642952697	0.2461679895616161	0.2153028772096335	0.8295311865414534	NA
GAL15	Endosphere	mean	host_common_nameSedge	0.32727485584723687	0.2428532461567554	1.347623970552115	0.17777935683433901	NA
GAL15	Endosphere	precision	(phi)	206926.94213702186	64641.961658459615	3.201124112389024	0.0013689255395680255	NA
Gemmatimonadetes	Endosphere	mean	(Intercept)	-6.4724576112865595	0.32714459327155565	-19.784699929043036	4.032911598510791e-87	NA
Gemmatimonadetes	Endosphere	mean	host_common_nameMudplantain	0.5541651614554334	0.38197607242315995	1.4507850136788654	0.1468397339798926	NA
Gemmatimonadetes	Endosphere	mean	host_common_nameRedstem	0.5843955316562311	0.3806393199757551	1.535299957170621	0.12471016467095584	NA
Gemmatimonadetes	Endosphere	mean	host_common_nameSedge	1.2434832172692465	0.3641352909013745	3.4148934430144045	6.380696789255116e-4	NA
Gemmatimonadetes	Endosphere	precision	(phi)	1222.6313925645322	388.8825565981868	3.1439604883790584	0.0016667794315307605	NA
GN02	Endosphere	NA	NA	NA	NA	NA	NA	NA
GN04	Endosphere	mean	(Intercept)	-10.412538028785033	0.19405887509007935	-53.65659274254621	0	NA
GN04	Endosphere	mean	host_common_nameMudplantain	0.3158871958774116	0.23564053816297556	1.3405469124286893	0.18006760331571955	NA
GN04	Endosphere	mean	host_common_nameRedstem	0.05300067642952697	0.2461679895616161	0.2153028772096335	0.8295311865414534	NA
GN04	Endosphere	mean	host_common_nameSedge	0.32727485584723687	0.2428532461567554	1.347623970552115	0.17777935683433901	NA
GN04	Endosphere	precision	(phi)	206926.94213702186	64641.961658459615	3.201124112389024	0.0013689255395680255	NA
GOUTA4	Endosphere	mean	(Intercept)	-9.588181935305068	0.3262387212640615	-29.390079442912846	7.353526011019836e-190	NA
GOUTA4	Endosphere	mean	host_common_nameMudplantain	0.3591057728693499	0.3897597418986224	0.9213516283648256	0.35686687446565946	NA
GOUTA4	Endosphere	mean	host_common_nameRedstem	0.32257550291439785	0.3916138976400252	0.8237080064275757	0.4101054890752565	NA
GOUTA4	Endosphere	mean	host_common_nameSedge	0.005184960105146045	0.42532315270779003	0.012190636865490065	0.9902735199706052	NA
GOUTA4	Endosphere	precision	(phi)	27725.307874587565	8956.722596963225	3.0954746643585707	0.0019649815933423034	NA
Kazan-3B-28	Endosphere	mean	(Intercept)	-10.412538028785033	0.19405887509007935	-53.65659274254621	0	NA
Kazan-3B-28	Endosphere	mean	host_common_nameMudplantain	0.3158871958774116	0.23564053816297556	1.3405469124286893	0.18006760331571955	NA
Kazan-3B-28	Endosphere	mean	host_common_nameRedstem	0.05300067642952697	0.2461679895616161	0.2153028772096335	0.8295311865414534	NA
Kazan-3B-28	Endosphere	mean	host_common_nameSedge	0.32727485584723687	0.2428532461567554	1.347623970552115	0.17777935683433901	NA
Kazan-3B-28	Endosphere	precision	(phi)	206926.94213702186	64641.961658459615	3.201124112389024	0.0013689255395680255	NA
KSB3	Endosphere	mean	(Intercept)	-10.412538028785033	0.19405887509007935	-53.65659274254621	0	NA
KSB3	Endosphere	mean	host_common_nameMudplantain	0.3158871958774116	0.23564053816297556	1.3405469124286893	0.18006760331571955	NA
KSB3	Endosphere	mean	host_common_nameRedstem	0.05300067642952697	0.2461679895616161	0.2153028772096335	0.8295311865414534	NA
KSB3	Endosphere	mean	host_common_nameSedge	0.32727485584723687	0.2428532461567554	1.347623970552115	0.17777935683433901	NA
KSB3	Endosphere	precision	(phi)	206926.94213702186	64641.961658459615	3.201124112389024	0.0013689255395680255	NA
Lentisphaerae	Endosphere	mean	(Intercept)	-10.360107192514828	0.24135742996906356	-42.9243350571091	0	NA
Lentisphaerae	Endosphere	mean	host_common_nameMudplantain	0.4077763919567552	0.2884640559981887	1.4136124882030907	0.15747571253994283	NA
Lentisphaerae	Endosphere	mean	host_common_nameRedstem	0.05046709650160793	0.30489251583480664	0.16552422208012293	0.8685313863205464	NA
Lentisphaerae	Endosphere	mean	host_common_nameSedge	0.3133537386717911	0.30206136104982406	1.0373843830363474	0.29955675356442985	NA
Lentisphaerae	Endosphere	precision	(phi)	121972.83867965739	38406.078427454544	3.1758732907358027	0.0014938618564810267	NA
MVS-104	Endosphere	mean	(Intercept)	-10.412538028785033	0.19405887509007935	-53.65659274254621	0	NA
MVS-104	Endosphere	mean	host_common_nameMudplantain	0.3158871958774116	0.23564053816297556	1.3405469124286893	0.18006760331571955	NA
MVS-104	Endosphere	mean	host_common_nameRedstem	0.05300067642952697	0.2461679895616161	0.2153028772096335	0.8295311865414534	NA
MVS-104	Endosphere	mean	host_common_nameSedge	0.32727485584723687	0.2428532461567554	1.347623970552115	0.17777935683433901	NA
MVS-104	Endosphere	precision	(phi)	206926.94213702186	64641.961658459615	3.201124112389024	0.0013689255395680255	NA
NC10	Endosphere	mean	(Intercept)	-8.830498461160502	0.15813024597692363	-55.84319689510355	0	NA
NC10	Endosphere	mean	host_common_nameMudplantain	-0.7921973019218695	0.24340452910219582	-3.2546530865465435	0.0011353095396154811	NA
NC10	Endosphere	mean	host_common_nameRedstem	-1.038571823950774	0.26037165628828124	-3.988805228480308	6.640691720470635e-5	NA
NC10	Endosphere	mean	host_common_nameSedge	-1.1417259916148448	0.28480168005078926	-4.00884570417997	6.10162658502274e-5	NA
NC10	Endosphere	precision	(phi)	65587.87413305504	20729.04346766481	3.1640569539721124	0.0015558634554962395	NA
Nitrospirae	Endosphere	mean	(Intercept)	-6.215499326317075	0.3447958543732207	-18.026606896465676	1.204608265396206e-72	NA
Nitrospirae	Endosphere	mean	host_common_nameMudplantain	-0.9698231106765727	0.49377844569632173	-1.9640855511806257	0.04952017152703228	NA
Nitrospirae	Endosphere	mean	host_common_nameRedstem	0.3781783389957121	0.4084806753695456	0.9258169646668856	0.3545411093196649	NA
Nitrospirae	Endosphere	mean	host_common_nameSedge	-0.9218738352324554	0.5149481689946426	-1.7902264552804854	0.07341751377495684	NA
Nitrospirae	Endosphere	precision	(phi)	838.9685784859237	292.53192597669204	2.8679556109467854	0.0041313349165611945	NA
NKB19	Endosphere	mean	(Intercept)	-8.29727690637229	0.2793761648680947	-29.699301335494333	7.839795340328958e-194	NA
NKB19	Endosphere	mean	host_common_nameMudplantain	-0.4659174030628234	0.3839161345850586	-1.2135916183006814	0.22490370930282044	NA
NKB19	Endosphere	mean	host_common_nameRedstem	-0.07317089599571346	0.3580480616522022	-0.20436054215199076	0.8380717622721525	NA
NKB19	Endosphere	mean	host_common_nameSedge	-0.5044898310780871	0.4052510949859226	-1.244882092411402	0.21317509434047582	NA
NKB19	Endosphere	precision	(phi)	11126.705007144197	3615.746576031104	3.0772911688289963	0.002088911479019263	NA
OC31	Endosphere	mean	(Intercept)	-10.412538028785033	0.19405887509007935	-53.65659274254621	0	NA
OC31	Endosphere	mean	host_common_nameMudplantain	0.3158871958774116	0.23564053816297556	1.3405469124286893	0.18006760331571955	NA
OC31	Endosphere	mean	host_common_nameRedstem	0.05300067642952697	0.2461679895616161	0.2153028772096335	0.8295311865414534	NA
OC31	Endosphere	mean	host_common_nameSedge	0.32727485584723687	0.2428532461567554	1.347623970552115	0.17777935683433901	NA
OC31	Endosphere	precision	(phi)	206926.94213702186	64641.961658459615	3.201124112389024	0.0013689255395680255	NA
OD1	Endosphere	mean	(Intercept)	-9.796074228081665	0.27194773455190757	-36.021900473717146	3.799319230097413e-284	NA
OD1	Endosphere	mean	host_common_nameMudplantain	-0.05500493777418161	0.3480987051997994	-0.1580153472349466	0.8744447053044819	NA
OD1	Endosphere	mean	host_common_nameRedstem	-0.23006442087640072	0.35886994220355345	-0.6410802182644392	0.5214705658325809	NA
OD1	Endosphere	mean	host_common_nameSedge	0.09170040341983926	0.3525581080900286	0.26010011205421724	0.7947865514928901	NA
OD1	Endosphere	precision	(phi)	52945.042593747	16948.078063387115	3.1239555538821846	0.001784374082389645	NA
OP11	Endosphere	mean	(Intercept)	-10.412538028785033	0.19405887509007935	-53.65659274254621	0	NA
OP11	Endosphere	mean	host_common_nameMudplantain	0.3158871958774116	0.23564053816297556	1.3405469124286893	0.18006760331571955	NA
OP11	Endosphere	mean	host_common_nameRedstem	0.05300067642952697	0.2461679895616161	0.2153028772096335	0.8295311865414534	NA
OP11	Endosphere	mean	host_common_nameSedge	0.32727485584723687	0.2428532461567554	1.347623970552115	0.17777935683433901	NA
OP11	Endosphere	precision	(phi)	206926.94213702186	64641.961658459615	3.201124112389024	0.0013689255395680255	NA
OP3	Endosphere	mean	(Intercept)	-9.951359205967933	0.2826581085597131	-35.20634612845594	1.598928107022797e-271	NA
OP3	Endosphere	mean	host_common_nameMudplantain	0.28734873239252096	0.34261658391686156	0.8386889189877867	0.4016438981429027	NA
OP3	Endosphere	mean	host_common_nameRedstem	0.30241010938429186	0.3418825520338513	0.8845438516392872	0.3764027013676881	NA
OP3	Endosphere	mean	host_common_nameSedge	0.119487170123103	0.3642671844335711	0.3280206816018945	0.7428960253441583	NA
OP3	Endosphere	precision	(phi)	56465.51382760703	17960.401986983663	3.143889199614182	0.0016671855199655288	NA
OP8	Endosphere	mean	(Intercept)	-10.129605112084118	0.20264666069946227	-49.98653852533479	0	NA
OP8	Endosphere	mean	host_common_nameMudplantain	0.058687355385032655	0.2566104797100409	0.22870209919465062	0.8191004631090419	NA
OP8	Endosphere	mean	host_common_nameRedstem	0.11885157953129422	0.2539405196156347	0.46802920507207124	0.6397637046857279	NA
OP8	Endosphere	mean	host_common_nameSedge	0.0697950746242374	0.2657812436280003	0.2626034616721329	0.792856231655439	NA
OP8	Endosphere	precision	(phi)	142099.6803777961	44519.80916406123	3.191830401926038	0.0014137431677307996	NA
PAUC34f	Endosphere	mean	(Intercept)	-10.412538028785033	0.19405887509007935	-53.65659274254621	0	NA
PAUC34f	Endosphere	mean	host_common_nameMudplantain	0.3158871958774116	0.23564053816297556	1.3405469124286893	0.18006760331571955	NA
PAUC34f	Endosphere	mean	host_common_nameRedstem	0.05300067642952697	0.2461679895616161	0.2153028772096335	0.8295311865414534	NA
PAUC34f	Endosphere	mean	host_common_nameSedge	0.32727485584723687	0.2428532461567554	1.347623970552115	0.17777935683433901	NA
PAUC34f	Endosphere	precision	(phi)	206926.94213702186	64641.961658459615	3.201124112389024	0.0013689255395680255	NA
Planctomycetes	Endosphere	mean	(Intercept)	-5.334843159380587	0.42513732188303877	-12.54851758427428	4.0502146206180045e-36	NA
Planctomycetes	Endosphere	mean	host_common_nameMudplantain	1.5826303167583893	0.45573889042146815	3.472668999774783	5.153104621643933e-4	NA
Planctomycetes	Endosphere	mean	host_common_nameRedstem	0.5432520949236126	0.4927420783959008	1.1025080234514268	0.2702408722756295	NA
Planctomycetes	Endosphere	mean	host_common_nameSedge	1.9445550915906797	0.45363890845697813	4.286570343370571	1.81452762176732e-5	NA
Planctomycetes	Endosphere	precision	(phi)	186.93766683527113	60.712675060295666	3.0790550185709566	0.00207658328296254	NA
SBR1093	Endosphere	mean	(Intercept)	-10.412538028785033	0.19405887509007935	-53.65659274254621	0	NA
SBR1093	Endosphere	mean	host_common_nameMudplantain	0.3158871958774116	0.23564053816297556	1.3405469124286893	0.18006760331571955	NA
SBR1093	Endosphere	mean	host_common_nameRedstem	0.05300067642952697	0.2461679895616161	0.2153028772096335	0.8295311865414534	NA
SBR1093	Endosphere	mean	host_common_nameSedge	0.32727485584723687	0.2428532461567554	1.347623970552115	0.17777935683433901	NA
SBR1093	Endosphere	precision	(phi)	206926.94213702186	64641.961658459615	3.201124112389024	0.0013689255395680255	NA
Spirochaetes	Endosphere	mean	(Intercept)	-4.361141089178314	0.2528191952317379	-17.250039440956314	1.1182300825617567e-66	NA
Spirochaetes	Endosphere	mean	host_common_nameMudplantain	-0.9873882901484647	0.3897117221657415	-2.533637645440226	0.011288539572852594	NA
Spirochaetes	Endosphere	mean	host_common_nameRedstem	-0.8651048492079807	0.3798138370530624	-2.277707563053107	0.022744006830824257	NA
Spirochaetes	Endosphere	mean	host_common_nameSedge	-0.9906143126060216	0.4115318718059846	-2.40713874300614	0.016078060390800997	NA
Spirochaetes	Endosphere	precision	(phi)	281.1903171480095	92.98098667873178	3.0241700716682995	0.0024931624087853755	NA
SR1	Endosphere	mean	(Intercept)	-10.114489834004448	0.28842871478643733	-35.06755505079849	2.1060247359391192e-269	NA
SR1	Endosphere	mean	host_common_nameMudplantain	0.13739736165206268	0.35716192728308377	0.3846920714568846	0.7004655700603304	NA
SR1	Endosphere	mean	host_common_nameRedstem	0.09528307002069113	0.3594716467808275	0.26506421542277	0.790959993564872	NA
SR1	Endosphere	mean	host_common_nameSedge	0.33560207686151466	0.35845942024727623	0.9362345021648647	0.3491524626550802	NA
SR1	Endosphere	precision	(phi)	63384.44295174665	20233.32681469387	3.132675290240235	0.001732209588213833	NA
Tenericutes	Endosphere	mean	(Intercept)	-9.82459644856598	0.3415514326466204	-28.764617886205176	5.946028073643122e-182	NA
Tenericutes	Endosphere	mean	host_common_nameMudplantain	0.275386602027365	0.4115002160419017	0.6692258990195118	0.5033513875946576	NA
Tenericutes	Endosphere	mean	host_common_nameRedstem	0.0427439757366246	0.42458317447460087	0.1006727970073661	0.9198102064821038	NA
Tenericutes	Endosphere	mean	host_common_nameSedge	0.10736473085756787	0.4365719605748913	0.24592676706993896	0.8057389228990278	NA
Tenericutes	Endosphere	precision	(phi)	31258.12766364136	10212.589871195529	3.060744439743388	0.002207874568052346	NA
TM6	Endosphere	mean	(Intercept)	-9.86164190321166	0.27586615195196895	-35.74792280036107	7.126136706195933e-280	NA
TM6	Endosphere	mean	host_common_nameMudplantain	0.005223629505081932	0.34935194571831013	0.01495234123955289	0.9880702023078938	NA
TM6	Endosphere	mean	host_common_nameRedstem	-0.3165324812266443	0.36937633094780903	-0.8569376397627619	0.391479349429223	NA
TM6	Endosphere	mean	host_common_nameSedge	0.10342908256191224	0.35670109061933364	0.2899600962316381	0.7718467653245172	NA
TM6	Endosphere	precision	(phi)	54690.488926370774	17541.75748294508	3.1177314462101897	0.0018224878679983189	NA
TM7	Endosphere	mean	(Intercept)	-8.367136673177596	0.3373620674327187	-24.80165223331246	8.604412311163321e-136	NA
TM7	Endosphere	mean	host_common_nameMudplantain	-0.3958634808295998	0.44716650640441713	-0.885270867025942	0.37601055868219185	NA
TM7	Endosphere	mean	host_common_nameRedstem	-0.19355141837154943	0.43378022833647945	-0.4461969581089651	0.6554549800349008	NA
TM7	Endosphere	mean	host_common_nameSedge	-0.2345370806415453	0.45515538529842103	-0.5152901365492399	0.6063502903993543	NA
TM7	Endosphere	precision	(phi)	7548.649959241652	2529.2576960576534	2.9845317742860726	0.002840127020578806	NA
TPD-58	Endosphere	mean	(Intercept)	-10.412538028785033	0.19405887509007935	-53.65659274254621	0	NA
TPD-58	Endosphere	mean	host_common_nameMudplantain	0.3158871958774116	0.23564053816297556	1.3405469124286893	0.18006760331571955	NA
TPD-58	Endosphere	mean	host_common_nameRedstem	0.05300067642952697	0.2461679895616161	0.2153028772096335	0.8295311865414534	NA
TPD-58	Endosphere	mean	host_common_nameSedge	0.32727485584723687	0.2428532461567554	1.347623970552115	0.17777935683433901	NA
TPD-58	Endosphere	precision	(phi)	206926.94213702186	64641.961658459615	3.201124112389024	0.0013689255395680255	NA
unclassified	Endosphere	mean	(Intercept)	-10.36206107842823	0.23983990369492297	-43.20407454636406	0	NA
unclassified	Endosphere	mean	host_common_nameMudplantain	0.5149062749538111	0.2825307207492701	1.8224788921653623	0.06838235363446105	NA
unclassified	Endosphere	mean	host_common_nameRedstem	0.15333497795496026	0.29791524994102847	0.5146932826879876	0.6067673681683761	NA
unclassified	Endosphere	mean	host_common_nameSedge	0.3138588261661754	0.30017250764039066	1.0455948435563627	0.29574813099887703	NA
unclassified	Endosphere	precision	(phi)	123936.35633379158	38965.12547866913	3.1806995309597728	0.0014691992485451897	NA
Verrucomicrobia	Endosphere	mean	(Intercept)	-4.182227090895402	0.25395430198168095	-16.468423878864186	6.1861204312690854e-61	NA
Verrucomicrobia	Endosphere	mean	host_common_nameMudplantain	0.7177308154906193	0.2929891416169131	2.449684010573543	0.014298163112888453	NA
Verrucomicrobia	Endosphere	mean	host_common_nameRedstem	0.41082866304444215	0.3041222994968524	1.3508666208434155	0.17673816238884804	NA
Verrucomicrobia	Endosphere	mean	host_common_nameSedge	0.20587103115436953	0.3241225672462131	0.6351641383797377	0.5253213695086287	NA
Verrucomicrobia	Endosphere	precision	(phi)	233.219980884596	73.13587269851391	3.18885893173098	0.0014283556279142838	NA
WPS-2	Endosphere	mean	(Intercept)	-9.710233465509651	0.377580919959605	-25.71696013280673	7.553083790795746e-146	NA
WPS-2	Endosphere	mean	host_common_nameMudplantain	1.4366839233674298	0.4068180095324636	3.5315150502273527	4.1318634827743506e-4	NA
WPS-2	Endosphere	mean	host_common_nameRedstem	0.3881698270485463	0.446978473917464	0.8684306956585635	0.38515859690824544	NA
WPS-2	Endosphere	mean	host_common_nameSedge	1.2023203894511663	0.42183294121850395	2.85022878009041	0.00436877923047162	NA
WPS-2	Endosphere	precision	(phi)	21133.108168872634	6807.921549841722	3.104193844502212	0.001907982793781458	NA
WS1	Endosphere	mean	(Intercept)	-9.896189768638727	0.19023804876227066	-52.020034020667524	0	NA
WS1	Endosphere	mean	host_common_nameMudplantain	-0.16648248010354033	0.25163444656099	-0.6616044916695818	0.5082247281708736	NA
WS1	Endosphere	mean	host_common_nameRedstem	-0.2556542143508663	0.25625223056691415	-0.9976662984953348	0.3184412005614453	NA
WS1	Endosphere	mean	host_common_nameSedge	-0.15546234913073276	0.26176375356207393	-0.5939032697048594	0.5525768119919658	NA
WS1	Endosphere	precision	(phi)	128859.14420084127	40436.42442439428	3.1867096568287026	0.0014390115080675097	NA
WS2	Endosphere	mean	(Intercept)	-10.36409594078659	0.2382565732485231	-43.4997272036474	0	NA
WS2	Endosphere	mean	host_common_nameMudplantain	0.3033865395027839	0.28915163458498655	1.049229896065531	0.2940723221879901	NA
WS2	Endosphere	mean	host_common_nameRedstem	0.1536136107930048	0.2959708110504942	0.5190160821865556	0.6037495264297486	NA
WS2	Endosphere	mean	host_common_nameSedge	0.314385969668019	0.2981847808582072	1.0543327153155941	0.29173061557285723	NA
WS2	Endosphere	precision	(phi)	126043.6125277208	39655.78889858632	3.1784416860312192	0.0014806899946056236	NA
WS3	Endosphere	mean	(Intercept)	-7.92304319669546	0.25817904205903414	-30.688173344774476	8.185750488058538e-207	NA
WS3	Endosphere	mean	host_common_nameMudplantain	-0.17848266273554186	0.33861056330314077	-0.5271030560725758	0.59812202461393	NA
WS3	Endosphere	mean	host_common_nameRedstem	0.636843614379386	0.29927300053890654	2.127968821887072	0.033339668685121976	NA
WS3	Endosphere	mean	host_common_nameSedge	-0.217289438774586	0.35581485517030403	-0.6106811888744346	0.5414106618282195	NA
WS3	Endosphere	precision	(phi)	9169.206200162196	2912.838948403337	3.1478589659714165	0.0016447102602394183	NA
WS4	Endosphere	mean	(Intercept)	-10.231954249630544	0.201655483872182	-50.73977683699393	0	NA
WS4	Endosphere	mean	host_common_nameMudplantain	0.15237154105518766	0.2512881716887754	0.6063617719496259	0.5442745476563023	NA
WS4	Endosphere	mean	host_common_nameRedstem	0.16845084120184575	0.2506126817183998	0.6721560938050416	0.5014843291936888	NA
WS4	Endosphere	mean	host_common_nameSedge	0.16357240375360738	0.25979781474295827	0.6296142402715916	0.5289470043532454	NA
WS4	Endosphere	precision	(phi)	159077.83278004974	49782.280039497	3.195471012051642	0.0013960280590701968	NA
WS5	Endosphere	mean	(Intercept)	-10.400396983312492	0.20648700151081165	-50.36828907977497	0	NA
WS5	Endosphere	mean	host_common_nameMudplantain	0.48474423950873924	0.24452460193732234	1.9823945552643865	0.047435098509431325	NA
WS5	Endosphere	mean	host_common_nameRedstem	0.05239777818554647	0.2616854564854289	0.20023190776161484	0.841299213657793	NA
WS5	Endosphere	mean	host_common_nameSedge	0.32398315293355795	0.25842067424567944	1.2537044641619832	0.20994944473474164	NA
WS5	Endosphere	precision	(phi)	178877.20481717566	55953.947774890934	3.196864777742205	0.0013893003863299314	NA
WWE1	Endosphere	mean	(Intercept)	-10.25623133523318	0.1745484309020903	-58.758656736285545	0	NA
WWE1	Endosphere	mean	host_common_nameMudplantain	0.2653787031795733	0.2138270429466199	1.241090460413947	0.21457233322621416	NA
WWE1	Endosphere	mean	host_common_nameRedstem	-3.752850942277076e-4	0.22393760069417573	-0.0016758467227673043	0.9986628683995126	NA
WWE1	Endosphere	mean	host_common_nameSedge	0.16718130203917372	0.22508092053211942	0.7427608774832457	0.4576264653056672	NA
WWE1	Endosphere	precision	(phi)	221674.07648724035	69114.88302104785	3.2073276666001593	0.001339743034207351	NA
ZB3	Endosphere	mean	(Intercept)	-10.198305864989427	0.3307541239298867	-30.83349572128469	9.324199930739162e-209	NA
ZB3	Endosphere	mean	host_common_nameMudplantain	0.26533949002239166	0.39988756901603995	0.6635352298529404	0.5069878240781625	NA
ZB3	Endosphere	mean	host_common_nameRedstem	0.5107019119359295	0.38769709352774007	1.3172704166774682	0.18774799775253181	NA
ZB3	Endosphere	mean	host_common_nameSedge	0.2751101635115976	0.41313121906086286	0.6659147283446234	0.5054656058761808	NA
ZB3	Endosphere	precision	(phi)	49252.03858247909	15866.045307747747	3.1042416447927454	0.0019076745435966287	NA
Alphaproteobacteria	Endosphere	mean	(Intercept)	-1.6173871422241521	0.1985362212019571	-8.146559516607786	3.7442450906803554e-16	NA
Alphaproteobacteria	Endosphere	mean	host_common_nameMudplantain	-0.22457256043272583	0.26309231637341923	-0.8535884419899952	0.3933330647999776	NA
Alphaproteobacteria	Endosphere	mean	host_common_nameRedstem	-0.7165627523939454	0.2855507544365533	-2.5094059156238684	0.012093442664082353	NA
Alphaproteobacteria	Endosphere	mean	host_common_nameSedge	-0.8399514755740694	0.3077671064265436	-2.7291788434659927	0.0063492259743882255	NA
Alphaproteobacteria	Endosphere	precision	(phi)	43.51629577654418	13.4803339908847	3.228131870172473	0.0012460151971242495	NA
Betaproteobacteria	Endosphere	mean	(Intercept)	-1.4086868439849396	0.2886535657200836	-4.880199004196564	1.0597884640998058e-6	NA
Betaproteobacteria	Endosphere	mean	host_common_nameMudplantain	1.0992463719823349	0.34773477467644226	3.1611631968794427	0.001571404297283574	NA
Betaproteobacteria	Endosphere	mean	host_common_nameRedstem	1.2902536745691684	0.3470737079732447	3.717520644544564	2.0118755086821175e-4	NA
Betaproteobacteria	Endosphere	mean	host_common_nameSedge	0.7433196427759786	0.36282601812608856	2.0486944310527964	0.0404920041073223	NA
Betaproteobacteria	Endosphere	precision	(phi)	16.898638151182038	5.086786345881821	3.3220656426552884	8.935367009836929e-4	NA
Deltaproteobacteria	Endosphere	mean	(Intercept)	-1.1181835324303977	0.09843605078316128	-11.359492010641258	6.653036856549517e-30	NA
Deltaproteobacteria	Endosphere	mean	host_common_nameMudplantain	-1.493613046951555	0.16712361622456332	-8.937175252027776	3.992449097645164e-19	NA
Deltaproteobacteria	Endosphere	mean	host_common_nameRedstem	-1.168417391350732	0.1539801637661173	-7.588103316511977	3.2462203870996404e-14	NA
Deltaproteobacteria	Endosphere	mean	host_common_nameSedge	-1.1286655835650332	0.1612060277099524	-7.001385739717923	2.53443079818879e-12	NA
Deltaproteobacteria	Endosphere	precision	(phi)	137.3939291989366	42.45784377882235	3.2360081664690576	0.0012121391624779591	NA
Epsilonproteobacteria	Endosphere	mean	(Intercept)	-5.473972254510527	0.35884810606904155	-15.254287710960769	1.5416816369411432e-52	NA
Epsilonproteobacteria	Endosphere	mean	host_common_nameMudplantain	-1.1663152636021552	0.5192737296478694	-2.246050968904316	0.02470074339790832	NA
Epsilonproteobacteria	Endosphere	mean	host_common_nameRedstem	-0.5338972504173922	0.47706360762993777	-1.119132211886388	0.2630837395505575	NA
Epsilonproteobacteria	Endosphere	mean	host_common_nameSedge	-1.4612492980081802	0.5631793370175506	-2.5946429528941373	0.009468922766836035	NA
Epsilonproteobacteria	Endosphere	precision	(phi)	367.99646149770535	139.01247995802075	2.6472188799799388	0.008115680521386802	NA
Gammaproteobacteria	Endosphere	mean	(Intercept)	-4.080944386307712	0.4908410436825398	-8.314187329752187	9.238312629045916e-17	NA
Gammaproteobacteria	Endosphere	mean	host_common_nameMudplantain	1.338742097439659	0.5384158494879185	2.486446301149794	0.012902604032799157	NA
Gammaproteobacteria	Endosphere	mean	host_common_nameRedstem	0.9944978549558524	0.548870738562078	1.811898112042228	0.07000194118677103	NA
Gammaproteobacteria	Endosphere	mean	host_common_nameSedge	1.5332850639095803	0.5449987589208197	2.8133734963832167	0.0049024671620508924	NA
Gammaproteobacteria	Endosphere	precision	(phi)	31.857084487253317	10.538260640574565	3.0229926525632425	0.0025028832009536058	NA
TA18	Endosphere	mean	(Intercept)	-10.19983426239952	0.23099429356800202	-44.156217475549056	0	NA
TA18	Endosphere	mean	host_common_nameMudplantain	0.3587200982985603	0.27816678742438655	1.289586372334513	0.19719430980111918	NA
TA18	Endosphere	mean	host_common_nameRedstem	-0.10225899776854634	0.30017615759332544	-0.3406632911434806	0.7333570767552765	NA
TA18	Endosphere	mean	host_common_nameSedge	0.15895951454298926	0.2971989377009887	0.534858959364512	0.5927473894199825	NA
TA18	Endosphere	precision	(phi)	114570.2313031143	36074.17336776999	3.175962762475262	0.0014934011970131238	NA
Zetaproteobacteria	Endosphere	mean	(Intercept)	-10.265180003567437	0.16299895211058021	-62.976969303480125	0	NA
Zetaproteobacteria	Endosphere	mean	host_common_nameMudplantain	0.2674366357119431	0.199709826121208	1.3391260755974537	0.18052963297827382	NA
Zetaproteobacteria	Endosphere	mean	host_common_nameRedstem	-3.770239962430125e-4	0.20930237275898728	-0.0018013364649103023	0.998562742223109	NA
Zetaproteobacteria	Endosphere	mean	host_common_nameSedge	0.16853899433107725	0.21025540661880482	0.8015917261839557	0.4227891652153072	NA
Zetaproteobacteria	Endosphere	precision	(phi)	258288.27066075962	80413.36766224731	3.2120066373245737	0.0013181132999637128	NA
